Date,Returns
2010-01-05,0.003759416192470364
2010-01-06,-0.006265279100907701
2010-01-07,0.013858373220936835
2010-01-08,0.010731270348392668
2010-01-11,0.006232500195052018
2010-01-12,-0.013093533319861416
2010-01-13,0.01192201948834377
2010-01-14,0.005649588109732027
2010-01-15,-0.01238877716110554
2010-01-19,0.01614555755783228
2010-01-20,-0.013568621683615048
2010-01-21,0.0010965187072149985
2010-01-22,-0.007400584276230771
2010-01-25,-0.007546352630196621
2010-01-26,-0.013257108418642659
2010-01-27,-0.0022596756905139477
2010-01-28,-0.005588998086546236
2010-01-29,-0.0038620754165251936
2010-02-01,0.009788206793784561
2010-02-02,0.010398066452908573
2010-02-03,-0.005965308097615078
2010-02-04,-0.030516307623554402
2010-02-05,0.003879657654371455
2010-02-08,-0.0012282119988779338
2010-02-09,0.009917306999597137
2010-02-10,0.002421375646142792
2010-02-11,0.01137348920586946
2010-02-12,0.011939065452929125
2010-02-16,0.008140987086746987
2010-02-17,0.0016923785103785936
2010-02-18,0.006167318295774246
2010-02-19,0.0035026360829653325
2010-02-22,0.006116948485260256
2010-02-23,-0.008375514685902715
2010-02-24,0.001194720456110544
2010-02-25,0.001014315338505905
2010-02-26,-0.004506669055682364
2010-03-01,0.015274575764971352
2010-03-02,0.0003018897521561637
2010-03-03,0.0003858485233906989
2010-03-04,-0.0027084425877723635
2010-03-05,0.013891432047452962
2010-03-08,0.005914228065137849
2010-03-09,-0.00014856768051438904
2010-03-10,0.009710813392033748
2010-03-11,0.005763177828108546
2010-03-12,-0.004973134003802127
2010-03-15,-0.005671168388854328
2010-03-16,0.015260014693553465
2010-03-17,0.0010897151938120088
2010-03-18,-0.012430904995892434
2010-03-19,-0.008900610823116287
2010-03-22,0.006411050623954489
2010-03-23,0.00984396102377566
2010-03-24,-0.0016868597121445193
2010-03-25,-0.006951451446303382
2010-03-26,0.008876733192070227
2010-03-29,0.010120211324155574
2010-03-30,0.005408638713070402
2010-03-31,-0.008420503530686126
2010-04-01,0.011246419220777954
2010-04-05,0.014546098353759997
2010-04-06,-0.004025685731825866
2010-04-07,0.0010866231558474587
2010-04-08,0.006412885311592431
2010-04-09,0.001419109945977686
2010-04-12,0.007971857750067568
2010-04-13,-0.0014261601795787322
2010-04-14,0.015429829121474748
2010-04-15,0.0075620723293397625
2010-04-16,-0.004682743661777524
2010-04-19,-0.003052841017463182
2010-04-20,0.01641534914601304
2010-04-21,0.0049530501402894715
2010-04-22,0.010974060891261383
2010-04-23,0.017019184241011988
2010-04-26,0.0062645575868490585
2010-04-27,-0.015693490399825746
2010-04-28,0.0031622822482033903
2010-04-29,0.010780677762609527
2010-04-30,-0.014684301572525012
2010-05-03,0.014059213384638532
2010-05-04,-0.025898221984033694
2010-05-05,-0.013667948094389402
2010-05-06,-0.04113152528901314
2010-05-07,-0.01746817534712175
2010-05-10,0.041679170884575935
2010-05-11,0.0004871621209388947
2010-05-12,0.021421097717681345
2010-05-13,-0.0021404287289006336
2010-05-14,-0.007481764344403436
2010-05-17,0.0006776254639051403
2010-05-18,-0.010309758484906721
2010-05-19,-0.015903228351912005
2010-05-20,-0.04830334643463932
2010-05-21,0.012443510812265845
2010-05-24,0.00039867801191728207
2010-05-25,-0.006407072526566286
2010-05-26,0.006201676805287875
2010-05-27,0.038940648018327285
2010-05-28,-0.007368645121716222
2010-06-01,-0.03065814699845442
2010-06-02,0.021248271300326426
2010-06-03,0.005322115570068164
2010-06-04,-0.035133655524100964
2010-06-07,-0.018716703203834263
2010-06-08,0.0021721057621314384
2010-06-09,-0.000944718765686931
2010-06-10,0.020245727651025183
2010-06-11,0.010756765474614594
2010-06-14,0.001114164802044855
2010-06-15,0.013478657675774601
2010-06-16,-0.0040293280963138
2010-06-17,0.0028875264556955556
2010-06-18,0.011679040186791943
2010-06-21,-0.013954164771751142
2010-06-22,-0.010478325860004703
2010-06-23,0.000541034965154326
2010-06-24,-0.016017828386619297
2010-06-25,0.004982011381633868
2010-06-28,0.0009210480842999448
2010-06-29,-0.0351546244151208
2010-06-30,-0.007212180335673963
2010-07-01,-0.012665314222376316
2010-07-02,-0.0005221340614040374
2010-07-06,-0.008171623823574057
2010-07-07,0.01571087249326567
2010-07-08,0.003878277760130532
2010-07-09,0.012341149755344807
2010-07-12,-0.01074416625049327
2010-07-13,0.024420131704662045
2010-07-14,-0.0022685675321654575
2010-07-15,-0.011567895016479682
2010-07-16,-0.024029406713265304
2010-07-19,0.0024643419341718745
2010-07-20,0.002211352035446683
2010-07-21,-0.009180245567758994
2010-07-22,0.016049847411297398
2010-07-23,0.014471994171396453
2010-07-26,0.011104755320981033
2010-07-27,0.0008675710759188102
2010-07-28,-0.0053975128183991455
2010-07-29,0.009827970406631187
2010-07-30,0.00353362373255046
2010-08-02,0.009022912491508953
2010-08-03,0.013165589789677162
2010-08-04,0.002710514782590787
2010-08-05,0.002589591524719428
2010-08-06,-0.00717789173819362
2010-08-09,0.003367397669132858
2010-08-10,-0.008584982451281838
2010-08-11,-0.028801163496359212
2010-08-12,-0.002859124502219485
2010-08-13,-0.005907414634428251
2010-08-16,0.00829950506809402
2010-08-17,0.015132499561304824
2010-08-18,0.006265336164412759
2010-08-19,-0.018067398880458305
2010-08-20,0.0014179138249457849
2010-08-23,-0.0075959464298170605
2010-08-24,-0.01686681384169527
2010-08-25,-0.0037693317460538423
2010-08-26,-0.004233098727445604
2010-08-27,0.015012594651336711
2010-08-30,-0.01608503043527972
2010-08-31,0.006841252195935237
2010-09-01,0.02581674490276159
2010-09-02,0.005499526115375203
2010-09-03,0.009440770982377888
2010-09-07,-0.019343117208354806
2010-09-08,0.005329685032408782
2010-09-09,0.00025564706065922565
2010-09-10,0.006454553190538282
2010-09-13,0.01822819946113739
2010-09-14,0.0034162632738567083
2010-09-15,-0.0008529597632056381
2010-09-16,0.0008790916955059111
2010-09-17,0.0031530440075078882
2010-09-20,0.021521890307737365
2010-09-21,0.0009652974718378632
2010-09-22,-0.00902229670605141
2010-09-23,0.0009176480987565615
2010-09-24,0.017315983300366485
2010-09-27,0.009635443623215483
2010-09-28,0.00755136637519627
2010-09-29,-0.004308716775000768
2010-09-30,-0.0009062222387652552
2010-10-01,-0.0019285268550335909
2010-10-04,-0.0077884050267281275
2010-10-05,0.01910431830931091
2010-10-06,0.0019503843667582753
2010-10-07,-0.0003250821496898062
2010-10-08,0.014650324633469757
2010-10-11,0.007877744348915526
2010-10-12,0.0008684755331415554
2010-10-13,0.010761030445585261
2010-10-14,0.0026578175934903843
2010-10-15,0.0005468658044533372
2010-10-18,0.010075784166643505
2010-10-19,-0.011758687018593516
2010-10-20,0.011897655424023901
2010-10-21,-0.0038461415649125577
2010-10-22,0.010076468224065499
2010-10-25,0.006175971207917429
2010-10-26,0.0037100655609817357
2010-10-27,-0.0016410136162293408
2010-10-28,-0.0024003298188038005
2010-10-29,0.004858884388474604
2010-11-01,-0.0008756038582613036
2010-11-02,0.014397793206727376
2010-11-03,-0.002250302052432649
2010-11-04,0.016849205837780167
2010-11-05,0.01562838626588089
2010-11-08,0.007485190499605304
2010-11-09,0.002422986949367438
2010-11-10,-0.004043279609909134
2010-11-11,-0.00545719681333501
2010-11-12,-0.013373104065665968
2010-11-15,-0.0002841883867218935
2010-11-16,-0.013197591805596874
2010-11-17,0.0018738788459099782
2010-11-18,0.013550116846281404
2010-11-19,0.008889938714269753
2010-11-22,-0.004272618733862716
2010-11-23,-0.011398858419044993
2010-11-24,0.013344818306969158
2010-11-26,0.005429528317687748
2010-11-29,0.005046406861535743
2010-11-30,-0.0033074545330476377
2010-12-01,0.0025865911991741044
2010-12-02,0.005567850095882167
2010-12-03,0.003354083427829468
2010-12-06,-0.008974484158416717
2010-12-07,0.004612224380999806
2010-12-08,0.0007728729550543219
2010-12-09,0.005820611030016587
2010-12-10,0.002506871422260124
2010-12-13,-0.008242924589097849
2010-12-14,-2.2481884410354647e-05
2010-12-15,-0.0009131829675973683
2010-12-16,0.0070373929628985005
2010-12-17,0.016076836010791604
2010-12-20,-0.0017180806128567793
2010-12-21,0.006375427808420573
2010-12-22,0.0018055850952264653
2010-12-23,0.0008426540880942611
2010-12-27,-0.0017157941678857562
2010-12-28,0.0016400671203923123
2010-12-29,-0.0035779955856469247
2010-12-30,0.0035703677938996666
2010-12-31,0.008324915947171347
2011-01-03,0.014199336478594891
2011-01-04,0.007525640860418646
2011-01-05,0.012256460168150551
2011-01-06,-0.009660254378580055
2011-01-07,-0.002882259626329639
2011-01-10,0.011918994566460677
2011-01-11,0.01228179781522453
2011-01-12,0.00022290569236589063
2011-01-13,0.0009504563771746887
2011-01-14,0.005133792969377618
2011-01-18,0.0056987944341717976
2011-01-19,-0.019114366004044803
2011-01-20,-0.009384900412001896
2011-01-21,-0.0032006414102363893
2011-01-24,0.005488602673568911
2011-01-25,0.004210525404919076
2011-01-26,0.006294298198253206
2011-01-27,0.008733802149433876
2011-01-28,-0.011287089012377233
2011-01-31,0.00657064164365588
2011-02-01,0.013384591698830854
2011-02-02,0.0012674261599081478
2011-02-03,0.00810021847816008
2011-02-04,-0.004568394383844645
2011-02-07,0.013641650559817598
2011-02-08,0.011464124677015838
2011-02-09,-0.0067127438637882
2011-02-10,-0.010804816218059189
2011-02-11,-0.0014696163988262775
2011-02-14,0.005981147066003642
2011-02-15,-0.004013687379368755
2011-02-16,0.015250247078255818
2011-02-17,0.008987743210779971
2011-02-18,0.0003336512310410342
2011-02-22,-0.02082492650347578
2011-02-23,-0.012566292951892648
2011-02-24,-0.0005394874111056877
2011-02-25,0.016652956097922958
2011-02-28,0.005593067054605599
2011-03-01,-0.015544502630756102
2011-03-02,-0.0009763567583400659
2011-03-03,0.015490914243228732
2011-03-04,-0.00949613073734426
2011-03-07,-0.005673349642140119
2011-03-08,0.007334001554394482
2011-03-09,-0.0072924361530484014
2011-03-10,-0.024763323740587432
2011-03-11,0.006326537176404086
2011-03-14,-0.009953132025595592
2011-03-15,-0.005145449044738586
2011-03-16,-0.006711797258829826
2011-03-17,0.017003768732206482
2011-03-18,0.01910157607555473
2011-03-21,-0.001073280385331226
2011-03-22,-0.0030215090290277653
2011-03-23,-0.005162796168366419
2011-03-24,0.007770283193477632
2011-03-25,0.018494551725771812
2011-03-28,-0.002968083122236171
2011-03-29,0.002458176082419459
2011-03-30,0.008801208322631263
2011-03-31,0.006945981315843979
2011-04-01,-0.0018335397627108315
2011-04-04,-0.003857534385310656
2011-04-05,0.010693367128074985
2011-04-06,0.005231341879328452
2011-04-07,0.0006622376098351533
2011-04-08,-0.008644511574440652
2011-04-11,0.0011579301475324868
2011-04-12,0.002061952310413725
2011-04-13,-0.006364316043144576
2011-04-14,0.012151811209748854
2011-04-15,0.006574613143832169
2011-04-18,-0.007615635249879705
2011-04-19,0.003264708161183664
2011-04-20,0.0062422102423788815
2011-04-21,0.008574569284203174
2011-04-25,-0.0057500664285901
2011-04-26,0.00620687113652569
2011-04-27,0.0033268791176827416
2011-04-28,-0.00634240839866703
2011-04-29,0.008332272072251026
2011-05-02,-0.00904560772844581
2011-05-03,-0.010314108066876165
2011-05-04,-0.011262534224398978
2011-05-05,-0.0018650595898645392
2011-05-06,0.006588705026018313
2011-05-09,0.011121910418288278
2011-05-10,0.009541566826169799
2011-05-11,-0.007594900089699603
2011-05-12,0.011616827227409978
2011-05-13,-0.0019682856554442307
2011-05-16,-0.020575214983736337
2011-05-17,0.001364539398731571
2011-05-18,0.010018409633241306
2011-05-19,0.004463219663490239
2011-05-20,0.0033054523979615643
2011-05-23,-0.019484154892593156
2011-05-24,0.0063941392571793265
2011-05-25,-0.0009794341660177167
2011-05-26,0.00943673310358025
2011-05-27,0.004084156299622698
2011-05-31,0.005780994673594201
2011-06-01,-0.019677008322424087
2011-06-02,-0.0024214314621501705
2011-06-03,-0.012364398979539856
2011-06-06,-0.013048186301257864
2011-06-07,-0.014703029371809975
2011-06-08,-0.012898614322010941
2011-06-09,0.014510355020656417
2011-06-10,-0.00458554438149081
2011-06-13,-0.010062491320944722
2011-06-14,0.011480020832183422
2011-06-15,-0.02737671285696948
2011-06-16,0.008615714073986027
2011-06-17,-0.0012925054892964005
2011-06-20,0.004075478595304104
2011-06-21,0.023783483197970436
2011-06-22,0.00011280680143402407
2011-06-23,0.007425222433969197
2011-06-24,0.013470702780230338
2011-06-27,-0.0029046676097273243
2011-06-28,0.015660556812811317
2011-06-29,0.0030478683693596197
2011-06-30,0.0043333002000082495
2011-07-01,0.010179767077549966
2011-07-05,0.009732047083618077
2011-07-06,0.0027201030289128758
2011-07-07,0.016476622089557625
2011-07-08,0.00034615435725295584
2011-07-11,-0.023627772962753302
2011-07-12,-0.0059520868200245245
2011-07-13,0.0005854394116108889
2011-07-14,-0.012605056520420632
2011-07-15,0.0005079827464481312
2011-07-18,-0.004414568806453252
2011-07-19,0.006216222171305268
2011-07-20,-0.0012597336233132349
2011-07-21,-0.004964136779641131
2011-07-22,-0.0024009577125055225
2011-07-25,-0.014221034458286484
2011-07-26,-0.009477897043973353
2011-07-27,-0.0216677455140037
2011-07-28,-0.004079267255643773
2011-07-29,-0.0035662243510304454
2011-08-01,0.0026535857351410643
2011-08-02,-0.020277894842082565
2011-08-03,-0.005543929864222902
2011-08-04,-0.0459114889089403
2011-08-05,-0.00985384009304675
2011-08-08,-0.07869268652270807
2011-08-09,0.043700702693169634
2011-08-10,-0.029310458185518022
2011-08-11,0.02398579171664271
2011-08-12,0.004504240117502732
2011-08-15,0.03399447390409601
2011-08-16,-0.015776480148579883
2011-08-17,0.005726001372032336
2011-08-18,-0.03538952335953845
2011-08-19,-0.012776393684571724
2011-08-22,-0.001693907388179415
2011-08-23,0.016673416837929354
2011-08-24,0.006443296796011064
2011-08-25,-0.014746470170693565
2011-08-26,0.01963636755381652
2011-08-29,0.026735255539388346
2011-08-30,0.007363837695029978
2011-08-31,-0.0003045454790033924
2011-09-01,-0.009879182776907058
2011-09-02,-0.009035507014993132
2011-09-06,-0.0016802656059388267
2011-09-07,0.022010918118346903
2011-09-08,-0.008095249707478908
2011-09-09,-0.010788828845694983
2011-09-12,0.00028191661194444076
2011-09-13,0.007789120500752913
2011-09-14,0.0102790096311505
2011-09-15,0.006916543727986732
2011-09-16,-0.0023437459049400517
2011-09-19,-0.006119340292013598
2011-09-20,-0.017610480124502673
2011-09-21,-0.024683085323099273
2011-09-22,-0.04621473840193344
2011-09-23,0.01163988795733421
2011-09-26,0.0044104110519767965
2011-09-27,0.016775023054326686
2011-09-28,-0.030995465795006505
2011-09-29,-0.0014758968852264024
2011-09-30,-0.011370347324547418
2011-10-03,-0.04390289649038091
2011-10-04,0.03540491226156191
2011-10-05,0.01254394182540148
2011-10-06,0.023826624584648088
2011-10-07,-0.013895949096359746
2011-10-10,0.026384758313108766
2011-10-11,0.009371064302790482
2011-10-12,0.013116338149126992
2011-10-13,-0.008496778490337807
2011-10-14,0.02398333985791129
2011-10-17,-0.02063105823818277
2011-10-18,0.02236161988428517
2011-10-19,-0.005451824513640855
2011-10-20,0.0055290429650252625
2011-10-21,0.009272750388556511
2011-10-24,0.020379796732674784
2011-10-25,-0.02388114862849183
2011-10-26,0.005029726641984652
2011-10-27,0.033726916746938757
2011-10-28,0.0034978705876804817
2011-10-31,-0.01957400906316462
2011-11-01,-0.024693616842270807
2011-11-02,0.020994164299407547
2011-11-03,0.011718179200636858
2011-11-04,-0.00023947556241932965
2011-11-07,0.00023962485389544537
2011-11-08,0.0018495957165171471
2011-11-09,-0.037670325720869
2011-11-10,0.016898660798809074
2011-11-11,0.013015936277768854
2011-11-14,-0.012960202552238363
2011-11-15,-0.007833684013061918
2011-11-16,-0.002325310939386531
2011-11-17,-0.009069818911669024
2011-11-18,0.00971485913464733
2011-11-21,-0.015381782773820244
2011-11-22,-0.007046977967141474
2011-11-23,-0.01733220511932363
2011-11-25,-0.004431541653612841
2011-11-28,0.021105000302312493
2011-11-29,-0.0031002741548235005
2011-11-30,0.04259659470917335
2011-12-01,-0.01140444711828932
2011-12-02,0.002841269089241238
2011-12-05,0.007270588615522325
2011-12-06,-0.002054480197543721
2011-12-07,0.006661195515057523
2011-12-08,-0.02628178734316557
2011-12-09,0.011155618721811847
2011-12-12,-0.003775389535689268
2011-12-13,-0.020704275053831815
2011-12-14,-0.005381357009362032
2011-12-15,-0.0019171016922240082
2011-12-16,0.011034259271279238
2011-12-19,-0.024030504102090948
2011-12-20,0.01426042987344737
2011-12-21,0.0005863166795316761
2011-12-22,0.00594535264877604
2011-12-23,0.011166183085398842
2011-12-27,-8.91717972400973e-05
2011-12-28,-0.01716411779187853
2011-12-29,0.008627834081677485
2011-12-30,0.0015712776696771022
2012-01-03,0.02216824837192443
2012-01-04,-0.0005011854371911655
2012-01-05,0.00564923410838853
2012-01-06,0.008826133678563823
2012-01-09,0.007036129615701064
2012-01-10,0.0002649811846757433
2012-01-11,-0.004811157726993743
2012-01-12,0.025256772085751705
2012-01-13,-0.003030938293229394
2012-01-17,0.0020768870809530155
2012-01-18,0.012633124132279362
2012-01-19,0.0031870018946251653
2012-01-20,0.009206059292555299
2012-01-23,-0.002746091107579516
2012-01-24,0.0036750148795356395
2012-01-25,0.007667221132345133
2012-01-26,-0.007147507900598452
2012-01-27,0.011263794008897881
2012-01-30,-0.009015107266763097
2012-01-31,0.004735711521243588
2012-02-01,0.02967358941071696
2012-02-02,0.0025553568346318727
2012-02-03,0.029856158499179088
2012-02-06,-0.005868023415311174
2012-02-07,-0.002394104272312702
2012-02-08,0.0020490940449002064
2012-02-09,0.0015035314028264996
2012-02-10,-0.012622488332956499
2012-02-13,-0.0022726415081276512
2012-02-14,0.0023945581526040416
2012-02-15,0.004575250397536241
2012-02-16,0.015609655305252093
2012-02-17,0.002873109862234179
2012-02-21,0.0019594431560887547
2012-02-22,0.009904105521210096
2012-02-23,0.009970623218925171
2012-02-24,-0.0004795377232409189
2012-02-27,0.003007267762489118
2012-02-28,-0.001960531703283801
2012-02-29,-0.012905602131130496
2012-03-01,0.009339745383857772
2012-03-02,-0.01837274599192815
2012-03-05,0.0025622778108320655
2012-03-06,-0.01725278821554389
2012-03-07,0.010735355441267306
2012-03-08,0.013274538490365917
2012-03-09,0.007922470268002416
2012-03-12,0.0076842271172301805
2012-03-13,0.01122167168321222
2012-03-14,-0.0050006389454303754
2012-03-15,-0.00353494820797201
2012-03-16,0.0014328615803246448
2012-03-19,0.004541660805735826
2012-03-20,0.0013007789137200604
2012-03-21,0.010354804462332298
2012-03-22,-0.007746907487058066
2012-03-23,0.008198113225760905
2012-03-26,0.005606718318710698
2012-03-27,-0.011361293132329822
2012-03-28,-0.0017752482533105634
2012-03-29,0.006452903731938012
2012-03-30,9.320781693478382e-05
2012-04-02,0.009437246949773395
2012-04-03,-0.012833280213131248
2012-04-04,-0.007897142957557326
2012-04-05,0.013825159921025773
2012-04-09,0.0012185275384164276
2012-04-10,-0.012885286906799272
2012-04-11,-0.002599020703653226
2012-04-12,0.0038036357377403407
2012-04-13,-0.007270006727311108
2012-04-16,0.003769547162728174
2012-04-17,0.007958992418430436
2012-04-18,-0.010797289982034572
2012-04-19,-0.0032357551506164597
2012-04-20,0.0004914230532979747
2012-04-23,-0.010129328005666367
2012-04-24,0.0021454310715206316
2012-04-25,0.0064440000251459436
2012-04-26,0.0013880582631095447
2012-04-27,0.0073408250947379445
2012-04-30,-0.004419654227666165
2012-05-01,-0.005886101879713601
2012-05-02,0.0008775794010618472
2012-05-03,-0.013125132010834277
2012-05-04,-0.017746931253847045
2012-05-07,-0.0017493336720483476
2012-05-08,-0.007281676347105977
2012-05-09,-0.00177966051913063
2012-05-10,0.0023104224913517426
2012-05-11,-0.003444894887104051
2012-05-14,-0.014893878514016237
2012-05-15,-0.004909503424705887
2012-05-16,-0.003644229216847681
2012-05-17,-0.021128906631434755
2012-05-18,-0.008986380596283663
2012-05-21,0.010038465982836614
2012-05-22,-0.0026844580078940654
2012-05-23,0.004410532967918738
2012-05-24,0.004480428883869355
2012-05-25,-0.011319642853347824
2012-05-29,0.009693870055571981
2012-05-30,-0.02089740463725914
2012-05-31,-0.0032337270783679897
2012-06-01,-0.014740885944663388
2012-06-04,-0.0032762193269038104
2012-06-05,0.006038013405311347
2012-06-06,0.038149771201605745
2012-06-07,-0.006690096782907803
2012-06-08,0.007091610851312134
2012-06-11,-0.020346484655943676
2012-06-12,0.006103148357311197
2012-06-13,-0.011127087425571036
2012-06-14,0.0025285126858438783
2012-06-15,0.014244086370794466
2012-06-18,-0.00032793745227879
2012-06-19,0.010648727030270167
2012-06-20,0.004581734518050977
2012-06-21,-0.015953732055938016
2012-06-22,0.010079485776455802
2012-06-25,-0.00803424770663763
2012-06-26,-0.0027227412213425024
2012-06-27,0.00961079517539223
2012-06-28,0.003906789963251031
2012-06-29,0.01210282160834926
2012-07-02,0.0010773881311122461
2012-07-03,0.008762576638137965
2012-07-05,-0.0013221295357043273
2012-07-06,-0.0024661151649324124
2012-07-09,-0.00566552633954757
2012-07-10,-0.012716942568698462
2012-07-11,0.006915558378745859
2012-07-12,-0.00450311654790925
2012-07-13,0.017497169038146108
2012-07-16,-0.006845067184348825
2012-07-17,-0.006374935029126983
2012-07-18,0.006224513752623664
2012-07-19,0.0022923823243774853
2012-07-20,-0.005173631344145642
2012-07-23,0.007169166159196512
2012-07-24,-0.014511630942826464
2012-07-25,0.006551695598561
2012-07-26,0.00682802367847629
2012-07-27,0.015741465807475506
2012-07-30,-0.004233147300308289
2012-07-31,-0.009972837996766057
2012-08-01,-0.004906882374628671
2012-08-02,-0.0069541600584961515
2012-08-03,0.014108754303737932
2012-08-06,0.014552362769458645
2012-08-07,0.013245152237964776
2012-08-08,-0.0040448845651605905
2012-08-09,0.005462497342893239
2012-08-10,0.0019112754361944612
2012-08-13,-0.0015899031042187514
2012-08-14,-0.008146904166235792
2012-08-15,0.006572599817870076
2012-08-16,0.0050231383613543994
2012-08-17,0.003291719350996143
2012-08-20,-0.005476454882720612
2012-08-21,0.0029588347824173384
2012-08-22,-0.0007732635247107798
2012-08-23,-0.0020656202585227984
2012-08-24,0.005207674863545765
2012-08-27,-0.0017472218301195297
2012-08-28,-0.00035397945955373473
2012-08-29,-0.0020390406776394057
2012-08-30,-0.009482849054632703
2012-08-31,0.009048641059515692
2012-09-04,0.005071064619791612
2012-09-05,-0.006084283255312699
2012-09-06,0.007447140350206518
2012-09-07,0.007340635933762132
2012-09-10,0.0004859178713588833
2012-09-11,0.0006723268080671718
2012-09-12,0.0028642351562340623
2012-09-13,0.008295674832074851
2012-09-14,0.008956815427417315
2012-09-17,-0.009200367763640185
2012-09-18,0.011874855510619777
2012-09-19,-0.00032488337769815003
2012-09-20,-0.003068475127723611
2012-09-21,0.005909587131181086
2012-09-24,-0.005772292803960916
2012-09-25,-0.012575582142060131
2012-09-26,-0.013973323620883155
2012-09-27,0.010804497798603856
2012-09-28,0.0008572430222187483
2012-10-01,-0.002872298913324012
2012-10-02,0.0029049311572216753
2012-10-03,-0.002406903939292049
2012-10-04,0.002018848853491719
2012-10-05,-0.006920603469157692
2012-10-08,-0.003828357601509549
2012-10-09,-0.023424264292617385
2012-10-10,-0.001477952981972569
2012-10-11,0.01167756848109674
2012-10-12,-0.013403189373083348
2012-10-15,0.0060686065202150375
2012-10-16,0.003577449364051959
2012-10-17,0.024653790200135303
2012-10-18,0.0017201983384867294
2012-10-19,-0.012404886596230881
2012-10-22,0.07563942135971119
2012-10-23,0.008827236947420696
2012-10-24,0.01753877853865391
2012-10-25,-0.011362712918943335
2012-10-26,0.009185286327219544
2012-10-31,0.0060427734936122895
2012-11-01,0.014815736292169673
2012-11-02,-0.0018705240869287512
2012-11-05,-0.0016111056537284213
2012-11-06,0.0016553266683549492
2012-11-07,-0.018861604618670723
2012-11-08,-0.00812677337621172
2012-11-09,-0.0015414618681587372
2012-11-12,-0.003488135204959482
2012-11-13,-0.013123224244372686
2012-11-14,-0.011798434804326697
2012-11-15,-0.005916640994600084
2012-11-16,-0.002433271205790841
2012-11-19,0.018395239599349578
2012-11-20,-0.0011922358113854873
2012-11-21,0.010559937807539162
2012-11-23,0.004039113275809669
2012-11-26,0.0007344257466609623
2012-11-27,0.0021929888615828683
2012-11-28,-0.004204543455380568
2012-11-29,0.011137965425584926
2012-11-30,0.000485717110193826
2012-12-03,-0.002499520076401473
2012-12-04,0.0032012721196074483
2012-12-05,0.009990007745700132
2012-12-06,-0.0019642337134909565
2012-12-07,-0.006638556432985371
2012-12-10,0.00453957084711861
2012-12-11,0.01941633194694964
2012-12-12,-0.008295606048537109
2012-12-13,-0.003279656791702508
2012-12-14,-0.008619571917078109
2012-12-17,0.00047513563102970354
2012-12-18,0.006027765930115124
2012-12-19,-0.005440166849106653
2012-12-20,-0.006465199538601128
2012-12-21,0.0049759263510456625
2012-12-24,0.0074147193624050705
2012-12-26,-0.011577090696664358
2012-12-27,-0.0063952665747221814
2012-12-28,-0.0027565875922606698
2012-12-31,0.01767761153343776
2013-01-02,0.019979645203135325
2013-01-03,0.0041324175225707594
2013-01-04,0.0077944455871700345
2013-01-07,-0.0009404698543385968
2013-01-08,-0.00702844092065854
2013-01-09,0.005177909622457161
2013-01-10,0.005531536255839617
2013-01-11,0.004853803032737565
2013-01-14,0.004718975217666429
2013-01-15,0.004047599598586665
2013-01-16,0.0015299315820640827
2013-01-17,0.011641963034852567
2013-01-18,0.005822134136463427
2013-01-22,0.011893439578244418
2013-01-23,-0.011737405241241691
2013-01-24,-0.002907971100261404
2013-01-25,-0.0006166268231789281
2013-01-28,-0.0022506690948043066
2013-01-29,0.010109185757613723
2013-01-30,-0.013079689922714688
2013-01-31,-0.0028881967592818466
2013-02-01,0.0015778488457394491
2013-02-04,-0.015496308344185796
2013-02-05,0.01423683071470978
2013-02-06,0.0020166444139108836
2013-02-07,-0.01070310952818008
2013-02-08,0.00531717770748842
2013-02-11,0.00955783538833084
2013-02-12,0.0017467979257632467
2013-02-13,-0.0022027446675626184
2013-02-14,0.0025307904155020583
2013-02-15,-0.010706570498352557
2013-02-19,0.007968277517828535
2013-02-20,-0.014379802912118775
2013-02-21,-0.004698849097499867
2013-02-22,0.0059169907727575615
2013-02-25,-0.018442283879464998
2013-02-26,0.00882406923483145
2013-02-27,0.0012852066565394269
2013-02-28,0.00012593871778257863
2013-03-01,0.012830498166774638
2013-03-04,0.0016296746254673019
2013-03-05,0.0073657259525586605
2013-03-06,0.0033239308662734246
2013-03-07,0.004145151061398322
2013-03-08,0.002610351713674526
2013-03-11,0.0060295807408711115
2013-03-12,-0.005218824156037386
2013-03-13,-0.0013124616618006015
2013-03-14,0.009261709884408355
2013-03-15,-0.0019866692404867273
2013-03-18,0.006808788606686812
2013-03-19,-0.007731702690856505
2013-03-20,0.0022815603250250986
2013-03-21,-0.0021188810595434053
2013-03-22,0.0043948146041170085
2013-03-25,0.0016315169060852352
2013-03-26,-0.005071111982841497
2013-03-27,0.0013847080932259523
2013-03-28,0.0009072812744401101
2013-04-01,-0.00954916313334463
2013-04-02,-0.00342500162395535
2013-04-03,-0.014275631366416248
2013-04-04,0.005034990332035892
2013-04-05,-0.004259541080045729
2013-04-08,0.0019942796773986496
2013-04-09,-0.0013999688005802112
2013-04-10,0.012657644021737012
2013-04-11,-0.0012051305491951518
2013-04-12,-0.006978507828350087
2013-04-15,-0.025989211254488664
2013-04-16,0.0034310937132482774
2013-04-17,-0.014500291592782308
2013-04-18,0.002461569039944369
2013-04-19,0.0073996825265454785
2013-04-22,0.00033629566046517584
2013-04-23,0.008870164233685593
2013-04-24,0.0024232374418183566
2013-04-25,0.010394454424095378
2013-04-26,-0.006575118532456043
2013-04-29,0.0011473284584716478
2013-04-30,0.002679670719283002
2013-05-01,-0.004271177734898905
2013-05-02,0.007078790026961433
2013-05-03,0.012845705066850996
2013-05-06,0.0072173488065479675
2013-05-07,0.005060315256155729
2013-05-08,-0.001120429167091832
2013-05-09,-0.0074782082528574
2013-05-10,0.0003230340145388388
2013-05-13,-0.006904055122598317
2013-05-14,-0.0002437727022591194
2013-05-15,0.0012493781380027125
2013-05-16,-0.008386192783682678
2013-05-17,0.012205291717523907
2013-05-20,0.0071198463159264655
2013-05-21,0.001109804237647498
2013-05-22,-0.009273884544593871
2013-05-23,0.004299766241640732
2013-05-24,0.010773622901520596
2013-05-28,0.009190560462486026
2013-05-29,0.0012147513622425652
2013-05-30,0.006734977523866907
2013-05-31,-0.0071333285795907924
2013-06-03,0.01845790101678867
2013-06-04,-0.002498447117479728
2013-06-05,-0.01059614501148365
2013-06-06,0.0006838875950145143
2013-06-07,0.003677651099575364
2013-06-10,0.003380458999488382
2013-06-11,-0.008252047013163033
2013-06-12,-0.010778621592378048
2013-06-13,0.008278905872925929
2013-06-14,-0.009999868093270433
2013-06-17,-0.00626881250030525
2013-06-18,0.009927234380342253
2013-06-19,-0.012629646989477068
2013-06-20,-0.016555798988638324
2013-06-21,-0.0058562217925215284
2013-06-24,-0.009905989278922504
2013-06-25,0.006600463473078316
2013-06-26,0.001349643108958125
2013-06-27,0.013378340616310026
2013-06-28,-0.005227319626365848
2013-07-01,0.02465784579155148
2013-07-02,-0.0062467262747253754
2013-07-03,0.010735350269159465
2013-07-05,-0.0005744103935175557
2013-07-08,0.002686595911174499
2013-07-09,0.0031541410606345235
2013-07-10,-0.0010521815466387379
2013-07-11,0.010687069922264711
2013-07-12,0.003699883940430302
2013-07-15,-0.002030430036077758
2013-07-16,0.0041905314741662696
2013-07-17,0.0013719846222306153
2013-07-18,0.0066099321700196605
2013-07-19,0.007770775649101951
2013-07-22,0.0001322148997656633
2013-07-23,-0.0012833575611008038
2013-07-24,-0.0033900973568245286
2013-07-25,0.005063175440958001
2013-07-26,-0.003363890063452963
2013-07-29,-0.009226936278196294
2013-07-30,0.001798485625311668
2013-07-31,0.0006532533096018736
2013-08-01,0.0033594687080117386
2013-08-02,0.003334063067726305
2013-08-05,0.0015072669550996358
2013-08-06,-0.00712986670387341
2013-08-07,-0.0014067872426062379
2013-08-08,0.008816344828994328
2013-08-09,0.006092639365702645
2013-08-12,0.006486136088180696
2013-08-13,0.0012592659473418498
2013-08-14,-0.0019086343043868846
2013-08-15,-0.011251017887380203
2013-08-16,-0.007843612867246694
2013-08-19,-0.006506730350496551
2013-08-20,0.011129612709936697
2013-08-21,-0.006626497532058826
2013-08-22,0.01448431038531935
2013-08-23,0.000696015745531139
2013-08-26,0.0012173505633988938
2013-08-27,-0.019532386151877097
2013-08-28,-0.0011918154390857018
2013-08-29,0.002980733571407178
2013-08-30,-0.005425926441882659
2013-09-03,0.001919774645406229
2013-09-04,-0.0026691484086992616
2013-09-05,0.005135399741003868
2013-09-06,0.0055631259105501625
2013-09-09,0.01748897683993015
2013-09-10,0.0006335570068305896
2013-09-11,0.004223011875680265
2013-09-12,0.004623600023694673
2013-09-13,0.002281605921785334
2013-09-16,0.007237670692843028
2013-09-17,0.002434865257785107
2013-09-18,0.011938752107710844
2013-09-19,0.0007241793132225498
2013-09-20,-0.008536811998306148
2013-09-23,0.0036016109995356173
2013-09-24,0.000978801199228419
2013-09-25,0.005824983316518203
2013-09-26,0.0006272249747109382
2013-09-27,-0.006409307575628703
2013-09-30,-0.006091889002771468
2013-10-01,0.007501456359264422
2013-10-02,0.001115097805486753
2013-10-03,-0.002476413396001442
2013-10-04,0.0004044288089791665
2013-10-07,-0.0009554735792156729
2013-10-08,-0.02131526313127412
2013-10-09,0.010433893452767441
2013-10-10,0.01578973729154361
2013-10-11,0.006607987083781848
2013-10-14,0.00500793709202137
2013-10-15,-0.0033462362272255962
2013-10-16,0.022737700200204252
2013-10-17,0.003930979377422153
2013-10-18,0.006198972968369969
2013-10-21,-0.005513136568580613
2013-10-22,-0.004365100284607116
2013-10-23,0.0012468066776416312
2013-10-24,0.007667281380476565
2013-10-25,0.0010038010074926889
2013-10-28,-0.0032685790809722196
2013-10-29,-0.0011799119003702207
2013-10-30,-0.004476356977862323
2013-10-31,-0.014301532158671124
2013-11-01,0.005541606356788246
2013-11-04,-0.0007193362311149841
2013-11-05,-0.001103849282855181
2013-11-06,-0.006759446459646066
2013-11-07,-0.010555559011943527
2013-11-08,0.00984888851955607
2013-11-11,0.014148982702102311
2013-11-12,0.0005674751615462685
2013-11-13,0.01872059227231935
2013-11-14,0.006245365048395847
2013-11-15,0.005797643814987186
2013-11-18,-0.010551517858024408
2013-11-19,-0.0025204639941462576
2013-11-20,0.0004184771227703772
2013-11-21,0.008175158910812793
2013-11-22,0.005583220925417817
2013-11-25,0.007798204520322495
2013-11-26,0.005841791981119447
2013-11-27,-0.0039416695804605694
2013-11-29,0.006743483295403694
2013-12-02,-0.0015229746845211655
2013-12-03,-0.011635491544998126
2013-12-04,0.020669593837335368
2013-12-05,-0.003289341672117578
2013-12-06,0.002685747113111852
2013-12-09,-0.0044255924118215715
2013-12-10,-0.0040849904262117275
2013-12-11,-0.009270448135452802
2013-12-12,-0.007694257474377737
2013-12-13,0.006718162695845188
2013-12-16,0.008299076529963832
2013-12-17,0.0025407226722105715
2013-12-18,0.006346308421612932
2013-12-19,-0.011295425138199347
2013-12-20,0.0075460117011455444
2013-12-23,0.003146718110333815
2013-12-24,-6.884391823303243e-05
2013-12-26,0.00366644292723513
2013-12-27,0.0021631337066017565
2013-12-30,0.00462800350734779
2013-12-31,-0.0019089809248825208
2014-01-02,0.002474146990040527
2014-01-03,0.0019156217058816517
2014-01-06,-0.0033736443715426633
2014-01-07,0.013507802644190724
2014-01-08,-0.00950523240725619
2014-01-09,0.0022834658447243653
2014-01-10,0.009220183078171075
2014-01-13,-0.001171773250445474
2014-01-14,0.008673360876744975
2014-01-15,0.003839767537222488
2014-01-16,-0.00011946614589635591
2014-01-17,-0.0006739193060136086
2014-01-21,0.0060460283083693485
2014-01-22,0.005132777666826158
2014-01-23,-0.009420201397951342
2014-01-24,-0.015395747719963935
2014-01-27,-0.007761486626789913
2014-01-28,0.0033139009193793967
2014-01-29,0.005366395857690193
2014-01-30,0.004358684102303639
2014-01-31,-0.004210280546502166
2014-02-03,-0.016117432419834432
2014-02-04,0.0007029764627976515
2014-02-05,-0.004414354858660815
2014-02-06,0.013367541022131139
2014-02-07,0.0075788985812861465
2014-02-10,-0.0029046215030504147
2014-02-11,0.004955161219886386
2014-02-12,-0.004781955224074107
2014-02-13,0.008422256332113107
2014-02-14,0.0025738498876885394
2014-02-18,0.01203240145002073
2014-02-19,-0.00518244673128242
2014-02-20,0.01026317264673443
2014-02-21,0.0015966362154309663
2014-02-24,0.00374786886336139
2014-02-25,-0.006172489675444312
2014-02-26,0.009932428005746069
2014-02-27,0.006218297317526223
2014-02-28,0.0002252656912711923
2014-03-03,0.0018713288817312204
2014-03-04,0.018591663055225405
2014-03-05,0.0003324044446738076
2014-03-06,0.003764696763639757
2014-03-07,0.006595690468211686
2014-03-10,-0.006290992162182329
2014-03-11,-0.013560566125257004
2014-03-12,-0.0012008285145076016
2014-03-13,-0.005576300294820227
2014-03-14,-0.0034983031301299406
2014-03-17,-0.0036019529405483816
2014-03-18,0.004250757894738731
2014-03-19,0.0002878306634570963
2014-03-20,0.00321428694762645
2014-03-21,0.002988386533687282
2014-03-24,-0.012522408301578821
2014-03-25,0.001027701306499281
2014-03-26,-0.009642180704213217
2014-03-27,-0.0034620736038372246
2014-03-28,-0.0032292013256433423
2014-03-31,0.010292551518981627
2014-04-01,0.0031430631442258936
2014-04-02,8.292321823520675e-05
2014-04-03,-0.0015231395408257726
2014-04-04,-0.014215417485766454
2014-04-07,-0.018103616038659325
2014-04-08,0.001750689117200595
2014-04-09,0.00736526547203576
2014-04-10,-0.021028100440899016
2014-04-11,-0.010200638770514045
2014-04-14,0.004200565874236644
2014-04-15,-0.006855694160433821
2014-04-16,0.02042623957864144
2014-04-17,0.004161689835370994
2014-04-21,0.00427070891000864
2014-04-22,0.006768399377574652
2014-04-23,0.01585564386997551
2014-04-24,0.008195144627425797
2014-04-25,-0.019277119209232352
2014-04-28,-0.004557840959041338
2014-04-29,-0.002038343801571912
2014-04-30,-0.0003285651370462796
2014-05-01,-0.0009677641761581947
2014-05-02,-0.0012557466188000393
2014-05-05,0.00632820567368391
2014-05-06,-0.0066099722980162865
2014-05-07,-0.013888859202910334
2014-05-08,-0.013102775415854563
2014-05-09,0.001295432704942754
2014-05-12,0.018303734490476894
2014-05-13,0.003486850088389248
2014-05-14,-0.009549687152506373
2014-05-15,-0.004120893932566203
2014-05-16,-0.004990244820445508
2014-05-19,0.0037409578279575303
2014-05-20,-0.00790638126497313
2014-05-21,0.0017187659008661492
2014-05-22,-0.0002196312938951062
2014-05-23,0.004687791846758625
2014-05-27,0.008791363657781109
2014-05-28,-0.004842051748206002
2014-05-29,0.005063590536562184
2014-05-30,0.006894542954142727
2014-06-02,-0.007862412191024574
2014-06-03,0.007452292382431022
2014-06-04,0.0077191443432950806
2014-06-05,0.014423596824286814
2014-06-06,0.0016497868291946486
2014-06-09,0.0044989743874894565
2014-06-10,0.0022019530119083432
2014-06-11,-0.00040221076947053055
2014-06-12,-0.008190508270156974
2014-06-13,0.0015007982486983005
2014-06-16,0.0056025600483916305
2014-06-17,-0.0018847062002987842
2014-06-18,0.005236539194862485
2014-06-19,-4.5074381235628226e-05
2014-06-20,0.0007746205126160795
2014-06-23,-0.0026964679372698122
2014-06-24,-0.011915301670273451
2014-06-25,-0.0004329921504828603
2014-06-26,0.0021056908932225488
2014-06-27,0.010613505451878922
2014-06-30,0.005263510734470446
2014-07-01,0.0035965086089104776
2014-07-02,0.0003212641104511226
2014-07-03,0.0016326911633331447
2014-07-07,-0.019964379747586674
2014-07-08,0.0007939073326869117
2014-07-09,0.0009013557012880944
2014-07-10,-0.010803483191493877
2014-07-11,-0.0015256935656119566
2014-07-14,0.004523962314377866
2014-07-15,-0.007873097609016274
2014-07-16,-0.0004296195943746013
2014-07-17,-0.007798195277014091
2014-07-18,0.00658607539960163
2014-07-21,-0.0034413732512025043
2014-07-22,0.00890583003486673
2014-07-23,-0.004235686629758749
2014-07-24,-0.010397279836223784
2014-07-25,0.007440389435904889
2014-07-28,-0.005537961735545531
2014-07-29,-0.004899539722265452
2014-07-30,-0.00513668962020505
2014-07-31,-0.012611361358129021
2014-08-01,-0.004554633161300255
2014-08-04,-0.005680627340810352
2014-08-05,-0.001904360311581627
2014-08-06,0.006886268411315143
2014-08-07,-0.010783748883423214
2014-08-08,0.008831337906104398
2014-08-11,0.008110304318605502
2014-08-12,-0.0025681095832952995
2014-08-13,0.0035380561115911633
2014-08-14,0.0041946801200828734
2014-08-15,0.005133061711799876
2014-08-18,0.015405386408388032
2014-08-19,-0.003300657060666878
2014-08-20,-0.0055136343678038
2014-08-21,-0.00043394264732270714
2014-08-22,0.006495880174149266
2014-08-25,0.006107130628004231
2014-08-26,0.009184663722193455
2014-08-27,-0.002232459563431406
2014-08-28,-0.0035892450397012107
2014-08-29,0.0003262090180111881
2014-09-02,0.009108574624545108
2014-09-03,-0.000311964199700552
2014-09-04,-0.009594980985071937
2014-09-05,0.0001997500684551561
2014-09-08,0.00789278653158593
2014-09-09,-0.009999236153211844
2014-09-10,-0.0063655135945315895
2014-09-11,0.001399322287705427
2014-09-12,-0.012901978685280709
2014-09-15,-0.009179236440871671
2014-09-16,0.0029016328752009372
2014-09-17,-0.0017561532766634576
2014-09-18,-0.0004380838965811895
2014-09-19,-0.007145025726632599
2014-09-22,-0.00691526921936517
2014-09-23,-0.003041721375309008
2014-09-24,0.0001894430460321118
2014-09-25,-0.009372786107797496
2014-09-26,0.012556762558173534
2014-09-29,0.00040896948363031046
2014-09-30,-0.0058659130192494705
2014-10-01,-0.01396446437017305
2014-10-02,-0.009583313416716893
2014-10-03,0.010131367071329377
2014-10-06,-0.00805997948797356
2014-10-07,-0.00849569500564585
2014-10-08,0.012444967022280137
2014-10-09,-0.02440233253565409
2014-10-10,-0.008442492815058518
2014-10-13,-0.007364602271084441
2014-10-14,-0.0027776427214554755
2014-10-15,0.0066800561783818815
2014-10-16,0.011249158887057222
2014-10-17,-0.001842921790471064
2014-10-20,0.006284740639892295
2014-10-21,0.008176495211587215
2014-10-22,-0.005675298372715254
2014-10-23,0.008718086765012635
2014-10-24,-0.004067658388879068
2014-10-27,-0.008450047171131948
2014-10-28,0.014856842545580921
2014-10-29,0.0013839675051186822
2014-10-30,0.011170473462736523
2014-10-31,0.014404426544050223
2014-11-03,0.002073880866261202
2014-11-04,-0.012921713596323563
2014-11-05,0.015345523178809606
2014-11-06,-0.011792744627113756
2014-11-07,0.0016819612828519743
2014-11-10,-0.008976492898977529
2014-11-11,0.002546905754545027
2014-11-12,-0.0013904139999746051
2014-11-13,-0.007121720701348454
2014-11-14,-0.0069893446364894946
2014-11-17,0.000757491170594398
2014-11-18,-0.0026833560998859576
2014-11-19,-0.001191850139177526
2014-11-20,0.0015444341471406752
2014-11-21,0.011240007998820885
2014-11-24,0.0013990467613533158
2014-11-25,-0.013322192635091554
2014-11-26,-0.007769675067042139
2014-11-28,-0.03253281203671216
2014-12-01,-0.01943756506514299
2014-12-02,-0.006731323970068044
2014-12-03,0.00741147873491027
2014-12-04,-0.0012366003630380322
2014-12-05,-0.001204592791196862
2014-12-08,-0.015522097522094363
2014-12-09,0.017656497487674973
2014-12-10,-0.013343975879312893
2014-12-11,-0.0012746033246847335
2014-12-12,-0.00435321741820166
2014-12-15,-0.006691610480006608
2014-12-16,0.003937631251414262
2014-12-17,0.024281887152508626
2014-12-18,0.009631645449308711
2014-12-19,0.01758388277077688
2014-12-22,-0.004813154092855119
2014-12-23,-0.0028903564384409816
2014-12-24,-0.014807468087735675
2014-12-26,-0.0003730238736458476
2014-12-29,-0.004122073697368332
2014-12-30,0.0037834684214337203
2014-12-31,0.00418310353814645
2015-01-02,-0.0008986367535927626
2015-01-05,-0.01779454317822016
2015-01-06,-0.0025001055755577224
2015-01-07,0.002469954749802228
2015-01-08,0.0018932338699060895
2015-01-09,0.0029955097926440922
2015-01-12,-0.00947716810088922
2015-01-13,-0.008324277846632467
2015-01-14,-0.0003918663870860793
2015-01-15,-0.0026608762275556882
2015-01-16,0.018018559017090794
2015-01-20,-0.011668010422146765
2015-01-21,0.014329855416666504
2015-01-22,0.004621332566061093
2015-01-23,-0.012043274644430514
2015-01-26,0.0076008648222225085
2015-01-27,-0.0009648203758311747
2015-01-28,-0.0127601820990796
2015-01-29,0.005205092592779145
2015-01-30,0.001124586526492488
2015-02-02,0.009871433442112408
2015-02-03,0.02186803109207486
2015-02-04,-0.011397267941385398
2015-02-05,0.013098494551639188
2015-02-06,-0.000810105827555589
2015-02-09,-0.008504074764246458
2015-02-10,0.005208253957945346
2015-02-11,-0.005334994276650693
2015-02-12,0.00336288000074676
2015-02-13,0.014503929673132788
2015-02-17,0.001582537086252769
2015-02-18,-0.007078476378012304
2015-02-19,0.0006102841689622814
2015-02-20,-0.0035585966959998877
2015-02-23,0.0006549885259040157
2015-02-24,-0.0025209288658126286
2015-02-25,0.011706959705881956
2015-02-26,0.0038368629439574065
2015-02-27,-0.00046278417335316645
2015-03-02,-0.003718145437494011
2015-03-03,-0.006015897816103919
2015-03-04,-0.009117510286196076
2015-03-05,0.0031810035099242577
2015-03-06,-0.01081772290318752
2015-03-09,-0.0068660579598817445
2015-03-10,-0.013861543840988798
2015-03-11,0.009361981542696348
2015-03-12,0.004240585319365903
2015-03-13,-0.008691446464283914
2015-03-16,0.005035630023046046
2015-03-17,0.006326481320690696
2015-03-18,0.01648772963893612
2015-03-19,-0.006601396187762077
2015-03-20,0.010433399333510963
2015-03-23,0.006535746509133858
2015-03-24,-0.0015394319598814907
2015-03-25,-0.005114394857178977
2015-03-26,-0.0042171842151846614
2015-03-27,0.0005043675767021559
2015-03-30,0.0031470236339726106
2015-03-31,-0.005708290585516962
2015-04-01,0.0008104026137781147
2015-04-02,0.0021334720327646937
2015-04-06,0.006488217522047715
2015-04-07,0.006678350336717112
2015-04-08,0.0003063156179464175
2015-04-09,0.0038525889216371764
2015-04-10,0.0061828715941060946
2015-04-13,-0.0014963593453632532
2015-04-14,0.007905595409890994
2015-04-15,0.015977077713856026
2015-04-16,-0.005955680778455012
2015-04-17,-0.009044117413606749
2015-04-20,0.004866286842902036
2015-04-21,-0.002838190861715215
2015-04-22,-0.0029618000866844874
2015-04-23,0.0028630509922873398
2015-04-24,0.0014622344958347064
2015-04-27,-0.004053099446945065
2015-04-28,0.0060199837447383895
2015-04-29,-0.010864735180404277
2015-04-30,-0.006446692352951254
2015-05-01,0.00684758961769992
2015-05-04,-0.0021391846204261698
2015-05-05,-0.006940022895893055
2015-05-06,-0.0053872666028810376
2015-05-07,0.0029928998103134225
2015-05-08,0.01200546794410347
2015-05-11,-0.006434802441594082
2015-05-12,-0.0007380380070623357
2015-05-13,-0.0017594285279060702
2015-05-14,0.001596087708099605
2015-05-15,0.010395981792452819
2015-05-18,-0.004109725924603529
2015-05-19,-0.017370362037898438
2015-05-20,0.009011458559214446
2015-05-21,0.006342054319981069
2015-05-22,-0.004331446094067593
2015-05-26,-0.005845384234676523
2015-05-27,0.0028538752629081276
2015-05-28,-0.006230336306513581
2015-05-29,0.001847573201958483
2015-06-01,-0.0036077169694030834
2015-06-02,0.007744094676693461
2015-06-03,-0.0072006500838584404
2015-06-04,-0.008958111280745164
2015-06-05,0.0020962208250968877
2015-06-08,-0.0038215605987230884
2015-06-09,0.00010471843369992716
2015-06-10,0.005267350838640632
2015-06-11,-0.006847166355114218
2015-06-12,0.0020077853343403425
2015-06-15,0.00403924250560366
2015-06-16,-0.003198471281686602
2015-06-17,-0.003317044856357103
2015-06-18,0.0005633429886244645
2015-06-19,0.0009338295836986794
2015-06-22,0.00528130101898754
2015-06-23,0.004673505909754946
2015-06-24,-0.005491493572986366
2015-06-25,-0.0036430488473707446
2015-06-26,-0.008320169786334096
2015-06-29,-0.01886252330298356
2015-06-30,0.002029450262175816
2015-07-01,-0.0071809049948359845
2015-07-02,0.0006486020345274327
2015-07-06,-0.0007722099618169781
2015-07-07,-0.005478949242727559
2015-07-08,-0.017471415967606516
2015-07-09,0.0006253857574884793
2015-07-10,0.0039448451031664075
2015-07-13,0.012532940881518488
2015-07-14,0.00024039586962799865
2015-07-15,-0.014210315525852026
2015-07-16,-0.004276642182842523
2015-07-17,-0.004416287725328609
2015-07-20,-0.022746884373753724
2015-07-21,-0.0063986165805207185
2015-07-22,-0.0036396999995876754
2015-07-23,-0.004684461152441254
2015-07-24,-0.01147757502849214
2015-07-27,-0.010246634231743903
2015-07-28,0.013501921332233493
2015-07-29,0.009030184908206501
2015-07-30,-0.002525445989641672
2015-07-31,-0.0012090132723586791
2015-08-03,-0.01046826536842219
2015-08-04,-6.791515612121696e-05
2015-08-05,-0.015498220209353115
2015-08-06,-0.002557649363415943
2015-08-07,-0.03380987662254313
2015-08-10,0.03662374405233125
2015-08-11,0.0033446832038385565
2015-08-12,0.004467111096730831
2015-08-13,-0.009948438557542672
2015-08-14,0.007662998231079382
2015-08-17,0.009168000238021364
2015-08-18,-0.0007637320535425908
2015-08-19,-0.0067830300384979555
2015-08-20,-0.009588739602104242
2015-08-21,-0.016262570249619475
2015-08-24,-0.041848678552700996
2015-08-25,0.002975531277590306
2015-08-26,0.015265048262305337
2015-08-27,0.025537076108148895
2015-08-28,0.01228172638950286
2015-08-31,0.011765318639944258
2015-09-01,-0.013451592890757808
2015-09-02,0.008895272312188491
2015-09-03,0.023042158150120083
2015-09-04,0.021506621561152284
2015-09-08,0.011890678303187548
2015-09-09,-0.015807568277268546
2015-09-10,0.010592429710634366
2015-09-11,-0.0029907798854962833
2015-09-14,-0.005506748205715353
2015-09-15,0.014228809254050557
2015-09-16,0.004776829529734899
2015-09-17,0.0011389405212168789
2015-09-18,-0.010177906571572462
2015-09-21,-0.004296584136094654
2015-09-22,-0.00855624231817493
2015-09-23,-0.018400327072162485
2015-09-24,-0.008278078919185269
2015-09-25,-0.01590956252527461
2015-09-28,-0.025299096871002312
2015-09-29,-0.0029901147264231784
2015-09-30,0.005130110672433844
2015-10-01,0.0007790884498595041
2015-10-02,0.023953836525062944
2015-10-05,0.018279384498806433
2015-10-06,0.004512762239365846
2015-10-07,0.006309905955741803
2015-10-08,0.010358194724178234
2015-10-09,-0.0066836354540388615
2015-10-12,-0.007929284423455581
2015-10-13,-0.008768782088932907
2015-10-14,0.011144386438609521
2015-10-15,0.018746906911635792
2015-10-16,-0.006757200901907061
2015-10-19,-0.010024395452438474
2015-10-20,-0.0014385199385556033
2015-10-21,-0.009578069134062289
2015-10-22,0.002270839253059347
2015-10-23,-0.0011760776824657527
2015-10-26,-0.009706942322308312
2015-10-27,-0.015041913208285062
2015-10-28,0.01992781823159407
2015-10-29,-0.0080947187298366
2015-10-30,0.0017180787373010174
2015-11-02,0.014862878772902904
2015-11-03,0.008587228741911706
2015-11-04,-0.0023160128526513273
2015-11-05,-0.015441401603934125
2015-11-06,-0.019069174639896345
2015-11-09,0.0024384695264618506
2015-11-10,-0.0051585792324705445
2015-11-11,-0.009890425070907741
2015-11-12,-0.018294807023730462
2015-11-13,0.01354581477476399
2015-11-16,0.007911928268231472
2015-11-17,-0.018563205479044984
2015-11-18,0.008126255588258134
2015-11-19,-0.015527816479693226
2015-11-20,0.0003694536667741934
2015-11-23,0.009797375521271778
2015-11-24,0.02090676586339542
2015-11-25,-0.00265754752031728
2015-11-27,-0.0018124472994064133
2015-11-30,0.005433243486940571
2015-12-01,0.010102269201816384
2015-12-02,-0.010222629831248631
2015-12-03,-0.002323381547543024
2015-12-04,0.0037814975945656957
2015-12-07,-0.02357345017129309
2015-12-08,-0.0017171902525522618
2015-12-09,-0.0018232825560132756
2015-12-10,0.0013362149018450661
2015-12-11,-0.0248810090266376
2015-12-14,-0.005844031569598167
2015-12-15,0.008592030446060014
2015-12-16,0.005230666361782628
2015-12-17,-0.014010319256079404
2015-12-18,-0.002877217661789253
2015-12-21,0.012951219954765851
2015-12-22,0.005399192897142301
2015-12-23,0.014987927160987947
2015-12-24,-0.0023334887280523384
2015-12-28,-0.005190609806623066
2015-12-29,0.010541523875184202
2015-12-30,-0.015344943796913802
2015-12-31,-0.001822376651737017
2016-01-04,-0.007783370892644034
2016-01-05,-0.004509714332950821
2016-01-06,-0.019705169582809857
2016-01-07,-0.02248798915598636
2016-01-08,-0.01158709117418133
2016-01-11,-0.011111934235341502
2016-01-12,-0.0077970054455958615
2016-01-13,-0.019555135746130627
2016-01-14,0.014585726039887285
2016-01-15,-0.022427690019233268
2016-01-19,-0.020685142602428118
2016-01-20,0.0032965239297568123
2016-01-21,0.01371247116513307
2016-01-22,0.026648264453000167
2016-01-25,-0.026519203112281422
2016-01-26,0.02121918929947866
2016-01-27,-0.0010269313124920073
2016-01-28,0.004892472555682453
2016-01-29,0.020987808851593123
2016-02-01,-0.006005176880756519
2016-02-02,-0.0223487926810236
2016-02-03,0.015548039092955226
2016-02-04,0.007666370915655916
2016-02-05,-0.011632627330263483
2016-02-08,-0.018572489651126366
2016-02-09,-0.018286022982112692
2016-02-10,0.007334950410807095
2016-02-11,-0.010875894001385352
2016-02-12,0.014484416899520906
2016-02-16,0.00962393335837764
2016-02-17,0.02824632622857139
2016-02-18,-0.003545137543368072
2016-02-19,-0.0044948815743901084
2016-02-22,0.015697346978089458
2016-02-23,-0.01767697849309462
2016-02-24,0.006706007286563058
2016-02-25,0.0045689534110719176
2016-02-26,0.00862603893388225
2016-02-29,-0.0004803317978901413
2016-03-01,0.012847233985584006
2016-03-02,0.01761420479170267
2016-03-03,0.016588437480874303
2016-03-04,0.008754283822811362
2016-03-07,0.010541683650208805
2016-03-08,-0.031228266603742262
2016-03-09,0.001029000872228063
2016-03-10,-0.004590146795216677
2016-03-11,0.02453206553356373
2016-03-14,-0.008761920691876743
2016-03-15,-0.01787887775048299
2016-03-16,0.014714442907178119
2016-03-17,0.010282686159246816
2016-03-18,0.007408828135639818
2016-03-21,0.0014084114795764491
2016-03-22,-0.0006025113012791764
2016-03-23,-0.02053169989374213
2016-03-24,0.003492990725417695
2016-03-28,-0.00038838162581188905
2016-03-29,0.01210703526589445
2016-03-30,0.003031968843337305
2016-03-31,0.009272957180931215
2016-04-01,-0.0012357313558672154
2016-04-04,-0.0019075681037207298
2016-04-05,-0.010293367262864877
2016-04-06,0.010480741556419907
2016-04-07,-0.004075780034927147
2016-04-08,0.015843285163611064
2016-04-11,0.0058987639055340015
2016-04-12,0.01120480296391554
2016-04-13,0.017891203192089165
2016-04-14,-0.0050847971679666305
2016-04-15,-0.002629508416316635
2016-04-18,9.161833581701158e-05
2016-04-19,0.005418071636759928
2016-04-20,0.0024130217609963523
2016-04-21,-0.004970168104843499
2016-04-22,0.01088958044650915
2016-04-25,-0.006606988858624224
2016-04-26,0.01304944730575821
2016-04-27,0.007614432398984127
2016-04-28,-0.011238229349264241
2016-04-29,-0.008389898074994104
2016-05-02,0.002377533619066043
2016-05-03,-0.016288861779271035
2016-05-04,-0.0031186736263717667
2016-05-05,-0.002009272262606423
2016-05-06,0.004670248514072123
2016-05-09,0.0013049083940232652
2016-05-10,0.011125085050108969
2016-05-11,-0.001065970779886633
2016-05-12,-0.008034624819945617
2016-05-13,-0.0047444883726341855
2016-05-16,0.00932636605949054
2016-05-17,-0.003970178043297376
2016-05-18,-0.002172514326303005
2016-05-19,-0.005239912978542638
2016-05-20,0.008489014781658881
2016-05-23,0.001642252248205682
2016-05-24,0.009028240305432082
2016-05-25,0.01523417006067689
2016-05-26,-0.002512649986758486
2016-05-27,0.0057535828990830954
2016-05-31,0.00771649122713386
2016-06-01,0.008625180032153621
2016-06-02,0.0021937585466323324
2016-06-03,-0.005339946761450749
2016-06-06,0.01849352560263206
2016-06-07,0.0006183657865516417
2016-06-08,0.019480305943244725
2016-06-09,-0.008460142796985237
2016-06-10,-0.008880683269104538
2016-06-13,-0.013862613771994518
2016-06-14,-0.0072115510685402335
2016-06-15,-0.005359852339723959
2016-06-16,0.005891421691608863
2016-06-17,0.0032239088519719844
2016-06-20,0.011667034102504316
2016-06-21,0.0045962687694520495
2016-06-22,-0.0028026217922296147
2016-06-23,0.01615182582654179
2016-06-24,-0.029428925279506746
2016-06-27,-0.03196099577045523
2016-06-28,0.01199688674584489
2016-06-29,0.01786709973113994
2016-06-30,0.008749288249984674
2016-07-01,0.004003637540615971
2016-07-05,-0.01582325937173745
2016-07-06,0.004847410305929032
2016-07-07,0.003110148787598259
2016-07-08,0.012047388189575415
2016-07-11,-1.6672532537527008e-05
2016-07-12,0.01743349003622945
2016-07-13,-0.012816420846977828
2016-07-14,0.0006488883188528933
2016-07-15,0.003667081395434231
2016-07-18,0.007635211734150469
2016-07-19,0.0012758617221222933
2016-07-20,0.007911274566204302
2016-07-21,-0.0010773644685075493
2016-07-22,-0.002800744112534575
2016-07-25,-0.006634705037731222
2016-07-26,-9.66292239336882e-05
2016-07-27,0.0044775849448081715
2016-07-28,0.001527208053462124
2016-07-29,0.002461486692640076
2016-08-01,-0.006757184896506951
2016-08-02,-0.007955865317858685
2016-08-03,-0.004999825397181983
2016-08-04,0.011887410105136931
2016-08-05,0.010162519932297392
2016-08-08,0.007400213649300228
2016-08-09,-0.00122757840704218
2016-08-10,-0.013306589574266761
2016-08-11,0.004893797321154843
2016-08-12,-0.001580453190226809
2016-08-15,0.010228784555434037
2016-08-16,-0.006697333062706414
2016-08-17,0.0013264432458876068
2016-08-18,0.011759618084765323
2016-08-19,0.0008473559127396345
2016-08-22,-0.0005213292155214508
2016-08-23,0.004866761218909705
2016-08-24,-0.0030529826567190148
2016-08-25,-0.00502215898278467
2016-08-26,-0.003261593128851802
2016-08-29,0.008587924683328344
2016-08-30,-0.0019948902485457725
2016-08-31,0.004272020797374199
2016-09-01,0.0005349446171931584
2016-09-02,0.012143630102654068
2016-09-06,-0.0013323404590432418
2016-09-07,-0.002867727852735254
2016-09-08,0.0037006918323851104
2016-09-09,-0.027330075988635464
2016-09-12,0.004284599954707714
2016-09-13,-0.0175872351353603
2016-09-14,-0.006995303945957075
2016-09-15,0.011095832784097648
2016-09-16,0.00134083782290039
2016-09-19,-0.0022490882234140704
2016-09-20,-0.004666838826674608
2016-09-21,0.008672353081445483
2016-09-22,0.009239815572652849
2016-09-23,-0.0011877464069085795
2016-09-26,-0.001296475953626914
2016-09-27,-0.0073658949775500665
2016-09-28,0.013300113472080068
2016-09-29,-0.0019343396535876306
2016-09-30,0.00893486381566501
2016-10-03,0.0003040833410991865
2016-10-04,-0.006213432628150897
2016-10-05,0.0109869444349859
2016-10-06,-0.0007891417152394958
2016-10-07,-0.0029317547063892947
2016-10-10,0.003163845121167563
2016-10-11,-0.009290910863721635
2016-10-12,-0.0023748160777464257
2016-10-13,-0.0033026135801880355
2016-10-14,-0.006859797235999536
2016-10-17,0.0031820667623067523
2016-10-18,0.0056524675675377525
2016-10-19,0.0006792389553582476
2016-10-20,0.0026287418275335126
2016-10-21,-0.001441333805842371
2016-10-24,0.002788655011742013
2016-10-25,-0.0016310582540419354
2016-10-26,-0.003398740117207252
2016-10-27,-0.005566384760436784
2016-10-28,-0.007978293205991858
2016-10-31,-0.006290096656654086
2016-11-01,-0.015168697627516693
2016-11-02,-0.0018443084665707176
2016-11-03,-0.0012191783485825723
2016-11-04,0.04567027341524725
2016-11-07,0.0794353765835727
2016-11-08,-0.0042493134302840725
2016-11-09,0.02342894454246047
2016-11-10,0.00479830513961532
2016-11-11,0.005395531085658991
2016-11-14,0.008977483477364327
2016-11-15,0.006433987276840841
2016-11-16,0.003011009388665032
2016-11-17,-0.004508940578339417
2016-11-18,0.0023571630338968122
2016-11-21,0.007501919648902168
2016-11-22,-0.006247239257908262
2016-11-23,0.005576095168765323
2016-11-25,0.0017803681666153895
2016-11-28,-0.02024557444931999
2016-11-29,-0.00854267383187368
2016-11-30,0.004035755968288419
2016-12-01,0.0017664523988332338
2016-12-02,0.005426293434082918
2016-12-05,0.004519612502891388
2016-12-06,0.002635392243799842
2016-12-07,0.003760456595929198
2016-12-08,0.005842894549292596
2016-12-09,0.005899788483015689
2016-12-12,2.2714930950340125e-05
2016-12-13,-0.0026122470385145408
2016-12-14,-0.011616926437857793
2016-12-15,0.003123563484255387
2016-12-16,-0.0022173625501086553
2016-12-19,0.0031684052284807534
2016-12-20,0.001990660189332403
2016-12-21,-0.0008789841179625958
2016-12-22,-0.005448748195649893
2016-12-23,0.0017528150659358761
2016-12-27,0.012894360508790507
2016-12-28,0.0012001238914580129
2016-12-29,0.007589005887179289
2016-12-30,-0.0037948330968772402
2017-01-03,0.010867445734205382
2017-01-04,0.012616660197205998
2017-01-05,0.0028023519715755724
2017-01-06,-0.004773097134797687
2017-01-09,-0.00968145469731587
2017-01-10,0.003371118671962767
2017-01-11,0.0003458639659115788
2017-01-12,-0.005507859266388776
2017-01-13,-0.0012640488940361071
2017-01-17,-0.013504066708416442
2017-01-18,-0.0048698626142474055
2017-01-19,-0.008827932049081905
2017-01-20,0.006811788919862677
2017-01-23,-8.719749320122988e-06
2017-01-24,0.0033466069115910078
2017-01-25,0.0003946361326996439
2017-01-26,-0.004410964171893064
2017-01-27,-0.0033102540667918376
2017-01-30,-0.009127814020659767
2017-01-31,0.004249976629152189
2017-02-01,-0.002283712212488016
2017-02-02,-6.429059316784833e-05
2017-02-03,0.006486279988036862
2017-02-06,-0.010870529700785966
2017-02-07,-0.005081502542450154
2017-02-08,-0.0039843908502215294
2017-02-09,0.0017213676900762434
2017-02-10,0.005044411959715855
2017-02-13,0.000769128937812322
2017-02-14,0.005778179095466521
2017-02-15,0.001549846064788886
2017-02-16,-0.002622367581556562
2017-02-17,-0.00027138159360456476
2017-02-21,0.010768888319462565
2017-02-22,-0.0020768995158474126
2017-02-23,-0.0057173180057600356
2017-02-24,-0.012697380535647054
2017-02-27,0.004902791067292064
2017-02-28,-0.005379479451338648
2017-03-01,0.011470685638486472
2017-03-02,-0.011834547635906351
2017-03-03,-0.0007900263553150323
2017-03-06,-0.009455476148955817
2017-03-07,-0.004889994539991826
2017-03-08,-0.006476526292148022
2017-03-09,-0.009295388006263448
2017-03-10,0.005249770456226382
2017-03-13,0.000526920769487153
2017-03-14,-0.011067967919353074
2017-03-15,0.013888890798690276
2017-03-16,0.003083331562653816
2017-03-17,0.00041601129793028064
2017-03-20,0.0006425370115812037
2017-03-21,-0.007079305453948534
2017-03-22,-0.00760883447278843
2017-03-23,0.004602077878362792
2017-03-24,0.00018196221146080007
2017-03-27,0.003279352427140174
2017-03-28,0.00782429873784414
2017-03-29,0.011729206371634953
2017-03-30,-0.00034563460751191365
2017-03-31,0.0018526880856116648
2017-04-03,-0.007294845154736971
2017-04-04,0.002742083889336788
2017-04-05,-0.007718236391197539
2017-04-06,0.0080671927803267
2017-04-07,-0.0019216671211935818
2017-04-10,0.0038338118178713205
2017-04-11,0.009308959660188085
2017-04-12,-0.0109795582062392
2017-04-13,-0.005618384179096655
2017-04-17,-0.0002607431089329328
2017-04-18,-0.0030239097285064322
2017-04-19,-0.002390325802986194
2017-04-20,0.00992313056806965
2017-04-21,-0.003059852003505843
2017-04-24,0.008682552900943186
2017-04-25,0.006974442934731617
2017-04-26,0.0042546782068719835
2017-04-27,-0.008206311582100868
2017-04-28,-0.01268764480923071
2017-05-01,-0.003837346086163172
2017-05-02,-0.002606136897556004
2017-05-03,-0.0092907353887955
2017-05-04,-0.012540106319487017
2017-05-05,0.013912714389501991
2017-05-08,-0.0035242593356624775
2017-05-09,0.0037839732868484538
2017-05-10,0.00827772106254548
2017-05-11,0.0023817669586686145
2017-05-12,-0.004095440555560152
2017-05-15,3.711378258721649e-05
2017-05-16,0.0005105185781862515
2017-05-17,-0.013451351700560703
2017-05-18,-0.004170062654366334
2017-05-19,0.010176898155130022
2017-05-22,0.004351986075190769
2017-05-23,-0.0009438079142195144
2017-05-24,0.0014338389079042676
2017-05-25,0.0025732081271361835
2017-05-26,0.006681094891052565
2017-05-30,-0.0024279415545568122
2017-05-31,-0.0016179304877212534
2017-06-01,0.011743876575666008
2017-06-02,-0.003686472847830111
2017-06-05,-0.007508392323584538
2017-06-06,-0.0015637773285920261
2017-06-07,-0.002915824056935621
2017-06-08,0.008998623227430549
2017-06-09,0.0040597153637767025
2017-06-12,-0.0008818249036876646
2017-06-13,0.004102488029061944
2017-06-14,-0.010983342201379635
2017-06-15,-0.007613672612144577
2017-06-16,-0.005028625369049879
2017-06-19,0.004993251044121495
2017-06-20,-0.004838971285963312
2017-06-21,-0.008432132709465048
2017-06-22,0.005897559775707268
2017-06-23,0.010574654554098072
2017-06-26,0.00870585221100771
2017-06-27,-0.0011265553729901457
2017-06-28,0.004177574412643904
2017-06-29,-0.0021955928874955477
2017-06-30,-0.009956295978672586
2017-07-03,0.007559028499815583
2017-07-05,-0.009036688830833195
2017-07-06,-0.006694608542119244
2017-07-07,-0.0015322606587715956
2017-07-10,0.002907754759372896
2017-07-11,-0.003005576339353626
2017-07-12,0.004738919411972202
2017-07-13,-0.0033927222422047085
2017-07-14,0.006585963660027172
2017-07-17,0.002600253536461425
2017-07-18,-0.0061177942314739175
2017-07-19,0.008347677617753999
2017-07-20,0.002881372986326038
2017-07-21,-0.0038983190990879413
2017-07-24,-0.0015041915997760882
2017-07-25,0.011794442418625858
2017-07-26,0.005559458200080259
2017-07-27,-0.0013473801652986376
2017-07-28,0.0001859007761636144
2017-07-31,-0.0011348062536786839
2017-08-01,-0.00811715720878378
2017-08-02,-0.01122774399115516
2017-08-03,-0.009823231061041599
2017-08-04,0.0005964133140251793
2017-08-07,-0.002707169958359328
2017-08-08,-0.004741475996097746
2017-08-09,-0.005569995754086994
2017-08-10,-0.01341420337587973
2017-08-11,-0.0028625665744557
2017-08-14,0.0027745640671202757
2017-08-15,-0.0003346362241628208
2017-08-16,-0.00015540852414651623
2017-08-17,-0.004329386541479274
2017-08-18,0.002334813040340949
2017-08-21,-0.0033296094974570064
2017-08-22,0.006782501410066595
2017-08-23,0.004866080933711619
2017-08-24,0.0035010869136631643
2017-08-25,0.005016372034543
2017-08-28,0.0007144844170092807
2017-08-29,-0.000379354089530321
2017-08-30,-0.0010903222466510144
2017-08-31,0.009899327651160904
2017-09-01,0.007031584072773409
2017-09-05,-0.008115339672550879
2017-09-06,0.0020573210446301294
2017-09-07,-0.0015469176209495189
2017-09-08,-0.004845833657064976
2017-09-11,0.005993228245539349
2017-09-12,0.006780589202217153
2017-09-13,0.007536736272785375
2017-09-14,-0.00107636183574307
2017-09-15,-0.00042392336318211057
2017-09-18,0.005419332989391209
2017-09-19,0.003622747703594324
2017-09-20,0.0029983344896825927
2017-09-21,-0.0030970852487653758
2017-09-22,0.008190692822894814
2017-09-25,0.005154316915935115
2017-09-26,0.003322443837560869
2017-09-27,0.003379622093138328
2017-09-28,-0.0020875195608161916
2017-09-29,0.0004935554315777193
2017-10-02,0.004350989818662138
2017-10-03,0.004338415496088396
2017-10-04,0.0006163279307603288
2017-10-05,0.003661735974022249
2017-10-06,0.0007821595401403788
2017-10-09,-0.0015416978610275727
2017-10-10,0.0031211449682615163
2017-10-11,0.004481882694204856
2017-10-12,-0.005868557668154514
2017-10-13,-0.0012656273478972228
2017-10-16,-0.002491908801937646
2017-10-17,0.004105949899086284
2017-10-18,-0.005190967865199817
2017-10-19,-0.0024604688935902
2017-10-20,-0.0017452157751733234
2017-10-23,-0.004021048235065895
2017-10-24,0.0019066092217096074
2017-10-25,-0.012963507120845845
2017-10-26,-0.005082518220031691
2017-10-27,-0.0021091026006353113
2017-10-30,-0.004004954350288982
2017-10-31,0.008074344367809046
2017-11-01,-0.0018984688853658138
2017-11-02,-0.005860465623512576
2017-11-03,-0.0085822829368087
2017-11-06,0.004198803207742815
2017-11-07,-0.006010132656275674
2017-11-08,0.0008739593992016557
2017-11-09,-0.0025173519317687647
2017-11-10,0.002739904990748506
2017-11-13,-0.007900280360542324
2017-11-14,-0.01565435456591734
2017-11-15,-0.0031739204266801753
2017-11-16,0.00844464158484041
2017-11-17,0.009477409052761404
2017-11-20,0.0016637450639616627
2017-11-21,0.0026544330813681417
2017-11-22,0.004084217630667599
2017-11-24,-0.003891252559092769
2017-11-27,-0.001360170878592255
2017-11-28,0.007020772496162305
2017-11-29,-0.0017724370425859835
2017-11-30,0.005406940442058093
2017-12-01,-0.0006514942496868058
2017-12-04,-0.010556786500926217
2017-12-05,-0.002779115867568828
2017-12-06,-0.006607769027666436
2017-12-07,-0.0011963739381197045
2017-12-08,0.004522247589175951
2017-12-11,0.001038551336922067
2017-12-12,-0.004256651285917683
2017-12-13,0.0033376048014372916
2017-12-14,-0.006675979198253607
2017-12-15,-0.0021350362750017834
2017-12-18,0.0150877937581415
2017-12-19,-0.0036079561187731257
2017-12-20,0.0033557734049966203
2017-12-21,0.0022965423973581012
2017-12-22,0.005205261653447053
2017-12-26,0.0008608921172381498
2017-12-27,0.003880961335183082
2017-12-28,0.0029420257594371725
2017-12-29,-0.008531674743902557
2018-01-02,0.01304780106828874
2018-01-03,-0.0014323239216933552
2018-01-04,-0.0011902356229082714
2018-01-05,0.0029358449383222645
2018-01-08,0.0009598794051462197
2018-01-09,-0.007197361469921996
2018-01-10,-0.0042331933225154645
2018-01-11,0.018285644862001724
2018-01-12,0.0015633028997188326
2018-01-16,-0.011325641865372535
2018-01-17,0.004538192263199856
2018-01-18,-0.0050481557142005645
2018-01-19,0.0024497776598644432
2018-01-22,0.0035372683414081722
2018-01-23,0.00396451315493388
2018-01-24,-0.009251110448084502
2018-01-25,-0.007368856450948161
2018-01-26,-0.0004099473201476256
2018-01-29,-0.007637676194025079
2018-01-30,-0.0106055147260037
2018-01-31,-0.0021897919852915493
2018-02-01,-0.001511867084504081
2018-02-02,-0.018468386493548178
2018-02-05,-0.015955725082723856
2018-02-06,0.009683951555694124
2018-02-07,-0.002366038011260933
2018-02-08,-0.013468787921471078
2018-02-09,0.0021853025311282994
2018-02-12,0.010405710507087893
2018-02-13,-0.002261700993002082
2018-02-14,0.016326959666435194
2018-02-15,0.005768387576152551
2018-02-16,-0.002587055100279319
2018-02-20,-0.002771664855786682
2018-02-21,-0.002630536873270972
2018-02-22,-0.012346511813364892
2018-02-23,0.009336025974322607
2018-02-26,0.007280699593888019
2018-02-27,-0.012190689061104841
2018-02-28,-0.014381303959906541
2018-03-01,-0.0013813105025044957
2018-03-02,0.00901392374602605
2018-03-05,0.006290507537033027
2018-03-06,0.007067769446327777
2018-03-07,-0.0006612670982659894
2018-03-08,0.0006557969213613465
2018-03-09,0.00715972207753984
2018-03-12,0.0041833078416767516
2018-03-13,-0.0010200981120154359
2018-03-14,-0.006492181114582115
2018-03-15,-0.010559010483445003
2018-03-16,0.011039135942965213
2018-03-19,-0.01822231128189508
2018-03-20,-0.0019262359936819437
2018-03-21,0.013375396013833744
2018-03-22,-0.011757708002837368
2018-03-23,-0.006421745916168727
2018-03-26,0.004048598151706249
2018-03-27,-0.009308915170577681
2018-03-28,-0.0010910708395626618
2018-03-29,0.004692376206430763
2018-04-02,-0.012512977295215541
2018-04-03,0.0031745942936357964
2018-04-04,0.012088202148115276
2018-04-05,0.014852320386605763
2018-04-06,-0.00810781814320436
2018-04-09,-0.009040255134249543
2018-04-10,0.018023582836737113
2018-04-11,0.013026690783952653
2018-04-12,0.0015511711380425417
2018-04-13,-0.0005381648765346421
2018-04-16,0.00060656791678757
2018-04-17,0.0056248123791191856
2018-04-18,0.004273904649570215
2018-04-19,-0.001026094451808111
2018-04-20,-0.006869033463333955
2018-04-23,-0.004985016777703889
2018-04-24,0.004646218924863674
2018-04-25,-0.00013027143809620563
2018-04-26,0.00814672897366412
2018-04-27,0.0016161656165597383
2018-04-30,-0.010181346287704646
2018-05-01,0.0034129223186431593
2018-05-02,0.0036230240467125647
2018-05-03,-0.0076611512188579
2018-05-04,0.008859964291799284
2018-05-07,0.0037265954948145024
2018-05-08,0.0026378454679297576
2018-05-09,0.006528649524481333
2018-05-10,0.0043004531137695486
2018-05-11,-0.010138329564284374
2018-05-14,0.0016474460490013062
2018-05-15,0.0019957502025860045
2018-05-16,0.007010437230362474
2018-05-17,0.004984872693955199
2018-05-18,0.0004195844445684459
2018-05-21,0.005355673014202578
2018-05-22,-0.0022271448558082853
2018-05-23,0.001114775957765754
2018-05-24,-0.0026959165115875974
2018-05-25,-0.003586817434029486
2018-05-29,0.00039009122278166135
2018-05-30,0.011015064122483617
2018-05-31,-0.00548333718131432
2018-06-01,0.0018278367275643872
2018-06-04,-0.000885171232949775
2018-06-05,0.00708831422817085
2018-06-06,0.006070662176508454
2018-06-07,0.006505868550958787
2018-06-08,-0.0028030579433059475
2018-06-11,0.010105441949388158
2018-06-12,0.0024087507245293847
2018-06-13,-0.0021717330502875813
2018-06-14,-0.002595829466544788
2018-06-15,-0.009452960263405785
2018-06-18,0.004200329623370142
2018-06-19,0.0032631325979893253
2018-06-20,0.0036626711548241437
2018-06-21,-0.011810352995637874
2018-06-22,0.011559758922992209
2018-06-25,-0.006491478254012515
2018-06-26,0.0058101304844527125
2018-06-27,-0.0033639405807894505
2018-06-28,0.004091180935185046
2018-06-29,0.0021368889108151702
2018-07-02,0.0009964163370486689
2018-07-03,0.0067696132650571835
2018-07-05,0.004463328902918449
2018-07-06,0.005469639043536518
2018-07-09,0.002724482583004404
2018-07-10,0.0002117161838746511
2018-07-11,-0.007251766043575471
2018-07-12,-0.0009048209739918125
2018-07-13,-0.0022625379296219396
2018-07-16,-0.006198039962033578
2018-07-17,0.0021098806851051507
2018-07-18,0.0011099326096677903
2018-07-19,-0.0021755066698403744
2018-07-20,-0.006208854233654157
2018-07-23,0.0024238101951532397
2018-07-24,-0.0018319811084427395
2018-07-25,0.00885956489093909
2018-07-26,0.0009120620991893037
2018-07-27,-0.007492017533250439
2018-07-30,0.004260915215112284
2018-07-31,0.001532114291314886
2018-08-01,-0.005433551471904401
2018-08-02,-0.0028464938262651646
2018-08-03,-0.003538160061553172
2018-08-06,-0.0016887387765816327
2018-08-07,0.0013036186455557066
2018-08-08,0.00771462294872122
2018-08-09,0.002729616485744257
2018-08-10,-0.004461676757620125
2018-08-13,-0.010785039108474073
2018-08-14,0.0064023509338570535
2018-08-15,-0.013841823556977205
2018-08-16,0.007134086295637413
2018-08-17,-0.0007513330446834467
2018-08-20,0.006359821692623914
2018-08-21,0.0017044183233481025
2018-08-22,0.0024556150109441063
2018-08-23,0.004843209151330524
2018-08-24,-0.0030330068279411254
2018-08-27,0.007882537337025652
2018-08-28,-0.005481810506889536
2018-08-29,0.005571387804549441
2018-08-30,-0.0035276203871944492
2018-08-31,0.006955610925908657
2018-09-04,-0.010637195500610085
2018-09-05,-0.0002877754137019028
2018-09-06,-0.005232900557221372
2018-09-07,-0.007930885334008361
2018-09-10,-0.0017102314777322426
2018-09-11,0.002009179878962859
2018-09-12,0.0030581130681118
2018-09-13,-0.0023456283089850175
2018-09-14,-0.0023958223792198636
2018-09-17,0.0012505130784788985
2018-09-18,0.0038291649310255678
2018-09-19,0.0018963934524322326
2018-09-20,0.003657293534668497
2018-09-21,0.0020950001498632356
2018-09-24,-0.00359009796083542
2018-09-25,0.0017858172871333356
2018-09-26,-0.008302298746943892
2018-09-27,-0.0011162332021994194
2018-09-28,0.003878459530104676
2018-10-01,-0.004291131425220012
2018-10-02,-0.0028177039003179005
2018-10-03,0.005937835472647603
2018-10-04,-0.008363324700484339
2018-10-05,-0.005268971830257988
2018-10-08,0.0028573327052953896
2018-10-09,0.004316823923369337
2018-10-10,-0.01894574062005399
2018-10-11,-0.011529681352446763
2018-10-12,-0.004494257812143321
2018-10-15,0.002580434081468501
2018-10-16,0.0016788246832517251
2018-10-17,-0.006459020522732761
2018-10-18,-0.0015775866379447601
2018-10-19,-0.006903036438088334
2018-10-22,-0.008174495595865453
2018-10-23,-0.011081074902135028
2018-10-24,-0.023410737884444227
2018-10-25,-0.0004347557897151997
2018-10-26,-0.017486540854751927
2018-10-29,0.009243775040029458
2018-10-30,0.008263837444295876
2018-10-31,0.002269210999871067
2018-11-01,0.011173177729195818
2018-11-02,-0.009405107087790684
2018-11-05,0.0074554813828640615
2018-11-06,0.001339849259899585
2018-11-07,-9.374270566033329e-05
2018-11-08,-0.005169316569524091
2018-11-09,-0.008971285263704163
2018-11-12,-0.010644166860709046
2018-11-13,-0.0017149041044426019
2018-11-14,0.002346291828996543
2018-11-15,0.0015088050215383386
2018-11-16,-0.0058920516751817375
2018-11-19,-0.01122629272493206
2018-11-20,-0.023449252485824714
2018-11-21,0.010673384754318909
2018-11-23,-0.0029164253829033785
2018-11-26,-0.0016908208244148016
2018-11-27,-0.011369181613794596
2018-11-28,0.008862410717401584
2018-11-29,0.0017262046406061483
2018-11-30,-0.0036651496305361774
2018-12-03,0.003477260129353796
2018-12-04,-0.02033058573567594
2018-12-06,-0.00783947923677224
2018-12-07,-0.008812857867074798
2018-12-10,-0.005391775264960027
2018-12-11,-0.002663785294339741
2018-12-12,0.00888380248441227
2018-12-13,-0.011250579800932758
2018-12-14,-0.014728633520660155
2018-12-17,-0.014455423543846971
2018-12-18,-0.0014931079632442296
2018-12-19,-0.006127411557061561
2018-12-20,-0.007429122483086382
2018-12-21,-0.009524188945725282
2018-12-24,-0.011086778453707601
2018-12-26,0.02551680190269147
2018-12-27,-0.0031112862768496626
2018-12-28,0.005316798011712885
2018-12-31,-0.002744327558817222
2019-01-02,0.025141102517450963
2019-01-03,0.0038099670639764583
2019-01-04,0.030750715172702007
2019-01-07,0.02132537033035965
2019-01-08,0.014940893771076635
2019-01-09,0.013964115680164447
2019-01-10,-0.0046693982744104206
2019-01-11,0.022868414530953167
2019-01-14,-0.0039599804322778594
2019-01-15,0.00836544037589892
2019-01-16,0.007529816621035491
2019-01-17,0.005490677828108193
2019-01-18,0.012198718837003788
2019-01-22,-0.015040314050353795
2019-01-23,-0.00013268113311871695
2019-01-24,0.004258361842363446
2019-01-25,0.015583176265960057
2019-01-28,-0.00010432037292497148
2019-01-29,0.006129280941225746
2019-01-30,0.013155449273205992
2019-01-31,0.0005573486632145376
2019-02-01,-0.005751715330316681
2019-02-04,-0.0005833512219302131
2019-02-05,0.0023469906489035682
2019-02-06,-0.005056614783333071
2019-02-07,-0.008201744341833647
2019-02-08,-0.00020310423912130778
2019-02-11,0.010756296400034577
2019-02-12,0.0073949575923301465
2019-02-13,0.005181020370757658
2019-02-14,-0.0019845157879885026
2019-02-15,0.007751107765812797
2019-02-19,0.01580734186976539
2019-02-20,0.0006797696555867084
2019-02-21,-0.0063054099162031555
2019-02-22,0.007694168020791804
2019-02-25,-0.004565939566894336
2019-02-26,-0.002943648079507695
2019-02-27,-0.0012848042061787772
2019-02-28,-0.005738629686229808
2019-03-01,0.005682263716259751
2019-03-04,-0.00282533995687863
2019-03-05,0.0003025029828184269
2019-03-06,-0.022628408360631274
2019-03-07,-0.003446572693889866
2019-03-08,-0.0046563009430897395
2019-03-11,0.008636153434185048
2019-03-12,0.005717779446909304
2019-03-13,0.008862701116894758
2019-03-14,-0.0031689283465542017
2019-03-15,0.0009842005530857725
2019-03-18,0.007930561015414393
2019-03-19,-0.005794380102593315
2019-03-20,0.0019253979415941468
2019-03-21,0.0012349292920853477
2019-03-22,-0.01903372445441674
2019-03-25,-0.0034544443099890753
2019-03-26,0.005643641220357533
2019-03-27,-0.003053937461516527
2019-03-28,-0.0001999579723049546
2019-03-29,0.001014968974740329
2019-04-01,0.009247246154250505
2019-04-02,-0.004428531631227905
2019-04-03,-0.003537993943166213
2019-04-04,0.00790815806888364
2019-04-05,0.008788259027641533
2019-04-08,0.002831834406270634
2019-04-09,-0.002598664056689827
2019-04-10,0.005909212360104309
2019-04-11,-0.007485791736281918
2019-04-12,-0.004635680795457806
2019-04-15,-0.007233971780590466
2019-04-16,-0.006216401146062307
2019-04-17,-0.0022954961723726094
2019-04-18,-0.005098819063791449
2019-04-22,-0.00013189345490607516
2019-04-23,0.005176957330208517
2019-04-24,-0.00726889356939242
2019-04-25,-0.01205329809852177
2019-04-26,-0.0006725548351019736
2019-04-29,0.002398588964344193
2019-04-30,-0.007581300332226377
2019-05-01,-0.011243514853283496
2019-05-02,-0.01999255930990022
2019-05-03,0.016655467585600808
2019-05-06,-0.0003023680995954956
2019-05-07,-0.00572167406567771
2019-05-08,-0.0031967945727548923
2019-05-09,-0.005149659483158737
2019-05-10,-0.006129962009437446
2019-05-13,-0.018838143634457884
2019-05-14,0.014499246656234905
2019-05-15,-0.0007371879239897569
2019-05-16,-0.00034449715779397757
2019-05-17,-0.007591054919988644
2019-05-20,-0.003901296685084565
2019-05-21,0.003104702220198024
2019-05-22,-0.008436464385016443
2019-05-23,-0.022050492573600804
2019-05-24,0.0029591097434731083
2019-05-28,-0.012245302082942042
2019-05-29,-0.004858012258414615
2019-05-30,-0.010950425686175916
2019-05-31,-0.016309804990730207
2019-06-03,0.0002425219498858412
2019-06-04,0.026976722318348273
2019-06-05,-0.015643544623859106
2019-06-06,-0.003333104964225444
2019-06-07,0.004855101575322727
2019-06-10,-0.00047683178816374254
2019-06-11,0.005609942183539755
2019-06-12,-0.011382108760478252
2019-06-13,-2.181797416129377e-05
2019-06-14,-0.007451537550255822
2019-06-17,0.007797883530606977
2019-06-18,0.010587218418751657
2019-06-19,-0.0038885232981118187
2019-06-20,0.01227780539814935
2019-06-21,-0.008267352866773874
2019-06-24,-0.007538802392321392
2019-06-25,-0.002233925678974619
2019-06-26,0.005789023949415755
2019-06-27,0.005668879664345616
2019-06-28,0.010223844360737082
2019-07-01,-0.0008210406381563637
2019-07-02,-0.0007978164929949335
2019-07-03,0.00013187398517256735
2019-07-05,0.012490790882812207
2019-07-08,-0.006707653187398356
2019-07-09,-0.00038559500237497703
2019-07-10,0.003429540820402983
2019-07-11,-0.005245263392789618
2019-07-12,0.01760837553382168
2019-07-15,-0.006534389416714718
2019-07-16,-0.007178242392404688
2019-07-17,-0.01167477007575295
2019-07-18,-0.001832552530753488
2019-07-19,0.002333259158318616
2019-07-22,0.0013604922361190618
2019-07-23,0.0019981705723434457
2019-07-24,0.00436045086314389
2019-07-25,-0.01944835210024047
2019-07-26,0.0018894980658144505
2019-07-29,-0.0040097909707223645
2019-07-30,0.020504086813588375
2019-07-31,0.0038636210571194713
2019-08-01,-0.021010936504790568
2019-08-02,-0.007208703332002537
2019-08-05,-0.020464556864489607
2019-08-06,0.006077532364630801
2019-08-07,-0.005830730348422247
2019-08-08,0.00611271088256004
2019-08-09,-0.013226734865735987
2019-08-12,-0.00553846451078791
2019-08-13,0.003427299325404708
2019-08-14,-0.028990305333501144
2019-08-15,0.0006072995767658178
2019-08-16,0.017092086179068953
2019-08-19,0.020277625257529488
2019-08-20,0.0011186999675215684
2019-08-21,0.0015673057765350665
2019-08-22,-0.001969827119759686
2019-08-23,-0.02165965694686954
2019-08-26,-0.0074533970021579375
2019-08-27,-0.016092320639691057
2019-08-28,0.01999632573739132
2019-08-29,0.009611096153113598
2019-08-30,-0.007678408978028541
2019-09-03,-0.0051069498307513275
2019-09-04,0.018885478297186818
2019-09-05,0.009391624523155288
2019-09-06,0.007463683725171976
2019-09-09,0.024738135025110554
2019-09-10,0.02258422619672736
2019-09-11,0.0047417211234823155
2019-09-12,-0.009174967411315496
2019-09-13,0.005303755756377131
2019-09-16,0.025605626938009635
2019-09-17,-0.01378154932801138
2019-09-18,-0.011728753647429977
2019-09-19,-0.01422376123820013
2019-09-20,0.004366193831733114
2019-09-23,0.0042571896900025505
2019-09-24,-0.01678506212835072
2019-09-25,0.008207085780913743
2019-09-26,-0.015166620514301128
2019-09-27,-0.010388437703974756
2019-09-30,-0.00398981218566892
2019-10-01,-0.014262111884313224
2019-10-02,-0.007979359923499737
2019-10-03,3.438751231854839e-05
2019-10-04,0.00335025163030291
2019-10-07,2.543793301474891e-05
2019-10-08,-0.007697438108989838
2019-10-09,-0.00022438822022937232
2019-10-10,0.005502914380249506
2019-10-11,0.01230474187615028
2019-10-14,-0.011000045674603876
2019-10-15,0.0009046412855137143
2019-10-16,0.009205832474745735
2019-10-17,0.0066208260701707934
2019-10-18,-0.011929332957339053
2019-10-21,-0.002101961029985183
2019-10-22,0.014759157999401994
2019-10-23,0.011941717556744006
2019-10-24,-0.00921040301853375
2019-10-25,0.004943292125817709
2019-10-28,-0.0006472565746844693
2019-10-29,0.0010949393523830276
2019-10-30,-0.01859977576455758
2019-10-31,-0.00044181295912840005
2019-11-01,0.014329706999439468
2019-11-04,0.006957840168133917
2019-11-05,-0.0026427380565972464
2019-11-06,-0.011662663928471486
2019-11-07,-0.001752536948012244
2019-11-08,0.0024304779927471635
2019-11-11,-0.010788403439090344
2019-11-12,0.0010096655870078658
2019-11-13,-0.01146727764755066
2019-11-14,-0.002764836465970322
2019-11-15,0.004705782517707913
2019-11-18,-0.010386037485718194
2019-11-19,-0.0034353501120975424
2019-11-20,0.003441052910283678
2019-11-21,-0.0008014967219517797
2019-11-22,0.012798600536100754
2019-11-25,0.018903178708819274
2019-11-26,-0.001195825689743084
2019-11-27,0.00481351243339556
2019-11-29,-0.0006044353705670596
2019-12-02,-0.0038521204427416984
2019-12-03,0.010461983066980669
2019-12-04,0.010540061668994766
2019-12-05,-0.0017920092762064369
2019-12-06,0.013112946779739185
2019-12-09,-0.01019802076309937
2019-12-10,-0.00018882671876958537
2019-12-11,-0.005055910358612411
2019-12-12,0.008481325834767555
2019-12-13,-0.0013238504700714823
2019-12-16,0.005218766048379415
2019-12-17,0.003044349857378224
2019-12-18,0.004891939695762923
2019-12-19,0.006284517509057114
2019-12-20,0.005670994252153355
2019-12-23,0.0034998707473688937
2019-12-24,0.007466555394031612
2019-12-26,-0.0008223266243592686
2019-12-27,-0.006244632010287814
2019-12-30,0.006877662139525249
2019-12-31,0.007374157506519554
2020-01-02,-0.0054031904757414284
2020-01-03,-0.0007073096859607747
2020-01-06,0.004970379706403899
2020-01-07,-0.003188017310795901
2020-01-08,-0.0061793666172575545
2020-01-09,0.0010180880980764264
2020-01-10,-0.001315697446837186
2020-01-13,0.00029269140292373055
2020-01-14,0.009844544681653637
2020-01-15,0.004134102639861448
2020-01-16,0.01064725422930295
2020-01-17,-0.008279245059252212
2020-01-21,-0.001923220384184663
2020-01-22,-0.006140584213738699
2020-01-23,-0.003398361329567867
2020-01-24,-0.009853959373014377
2020-01-27,-0.016735995342369615
2020-01-28,0.00616924979235073
2020-01-29,0.001533638402175339
2020-01-30,-0.0007724474372214835
2020-01-31,-0.013405962087925877
2020-02-03,0.0007577929667491351
2020-02-04,0.006369833090111417
2020-02-05,0.008873416617298562
2020-02-06,-0.011130586436462009
2020-02-07,-0.0033166420693809973
2020-02-10,0.001698864420056512
2020-02-11,0.006544168868509248
2020-02-12,0.01283127562799191
2020-02-13,0.0010435417310551138
2020-02-14,-0.0015207084828547468
2020-02-18,0.005328804823879343
2020-02-19,0.009138955510766838
2020-02-20,0.002658976087924486
2020-02-21,-0.010561525662287343
2020-02-24,-0.019301247264493834
2020-02-25,-0.02433025520064
2020-02-26,-0.011706374621553727
2020-02-27,-0.026625811455751398
2020-02-28,0.0032156821460260195
2020-03-02,0.0034863470756361357
2020-03-03,-0.01644291170591014
2020-03-04,0.0008260471008629806
2020-03-05,-0.024187740003463506
2020-03-06,-0.037684271328787586
2020-03-09,-0.07471265601565039
2020-03-10,0.02452116741396484
2020-03-11,-0.05473689989238799
2020-03-12,-0.07844573313456489
2020-03-13,0.049571022108398054
2020-03-16,-0.06424816776974004
2020-03-17,0.025647962297176165
2020-03-18,-0.09522024130705041
2020-03-19,0.06480706323557973
2020-03-20,-0.027792248041542338
2020-03-23,0.004204445486497281
2020-03-24,0.05695804477110055
2020-03-25,0.02171483472096063
2020-03-26,0.02692414649247533
2020-03-27,-0.0360278939920436
2020-03-30,0.0011389336714934734
2020-03-31,-0.0008338994029689936
2020-04-01,-0.03876688262219783
2020-04-02,-0.0002794916340544186
2020-04-03,-0.01797744623067723
2020-04-06,0.04533110777191575
2020-04-07,0.0101819536177279
2020-04-08,0.037600355123784665
2020-04-09,0.04097411151517017
2020-04-13,-0.002983599251802615
2020-04-14,0.01843056978304774
2020-04-15,-0.03209444294762941
2020-04-16,-0.01056045412386236
2020-04-17,0.02130243188674686
2020-04-20,-0.010518972459592676
2020-04-21,-0.015369353210882054
2020-04-22,-0.001590225392207521
2020-04-23,0.015386563673141194
2020-04-24,0.0025479369326444523
2020-04-27,0.031257078937660256
2020-04-28,0.016852363555114668
2020-04-29,0.03980552098000799
2020-04-30,-0.007202127126206126
2020-05-01,-0.033616653454152524
2020-05-04,-0.0036583287194054486
2020-05-05,-0.011492648671358581
2020-05-06,-0.009553702388644926
2020-05-07,0.013030224485192518
2020-05-08,0.030168117702002176
2020-05-11,-0.01236972273513977
2020-05-12,-0.005307695610259196
2020-05-13,-0.028472311884240528
2020-05-14,-0.01123515108756155
2020-05-15,0.008899300014469688
2020-05-18,0.03663144758455611
2020-05-19,-0.01036464847557091
2020-05-20,0.025867552467409967
2020-05-21,0.0008698197854655439
2020-05-22,-0.0009051598754821708
2020-05-26,0.028830148464492316
2020-05-27,0.021925040401352357
2020-05-28,-0.01004274302750207
2020-05-29,-0.007912548387516767
2020-06-01,0.011665556244303142
2020-06-02,0.007414711161076414
2020-06-03,0.01642267564742146
2020-06-04,0.06459228399002176
2020-06-05,0.03193465668195272
2020-06-08,0.04786941194978453
2020-06-09,-0.018482150355404167
2020-06-10,-0.023073309080921322
2020-06-11,-0.0698087977019903
2020-06-12,0.025220440060801638
2020-06-15,0.0051337565320947985
2020-06-16,0.01406478910725688
2020-06-17,-0.018894255924652506
2020-06-18,-0.007944892451841943
2020-06-19,-0.002999484179548453
2020-06-22,-0.003836223565910246
2020-06-23,0.00782058459248537
2020-06-24,-0.026602662705091953
2020-06-25,0.006041242267483401
2020-06-26,-0.008164577392305836
2020-06-29,0.024293583739774974
2020-06-30,0.00414877569750416
2020-07-01,-0.015121990473805618
2020-07-02,0.01246012371448404
2020-07-06,0.008379028774335722
2020-07-07,-0.012747705763661275
2020-07-08,0.005890674800155289
2020-07-09,-0.016937133202783963
2020-07-10,0.011854406027410965
2020-07-13,-0.024868498219532652
2020-07-14,0.008038728295551016
2020-07-15,0.030679574275193366
2020-07-16,0.0036443648183304028
2020-07-17,0.00169592837606702
2020-07-20,-0.009065734659538674
2020-07-21,0.01710316490709205
2020-07-22,-0.0048698246088315165
2020-07-23,-0.006012883679150435
2020-07-24,-0.001687343361570608
2020-07-27,-0.00018529960530069936
2020-07-28,0.01660352017100136
2020-07-29,0.01290673852264693
2020-07-30,-0.007179403539467076
2020-07-31,-0.004376151393086903
2020-08-03,0.0060578091873028875
2020-08-04,0.01105270377063816
2020-08-05,0.013531766803341743
2020-08-06,-0.0015939428385667756
2020-08-07,0.014259917370078212
2020-08-10,0.019322636386904696
2020-08-11,-0.0017129250020893926
2020-08-12,0.004934652686207338
2020-08-13,-0.003094953474884535
2020-08-14,-0.0034589086305774792
2020-08-17,-0.0007265389799702899
2020-08-18,-0.004465749316788032
2020-08-19,0.017795676957975307
2020-08-20,-0.019135108191854867
2020-08-21,-0.020733406696761294
2020-08-24,0.006232655378531757
2020-08-25,-0.0036900724142860846
2020-08-26,-0.0006873771865504668
2020-08-27,-0.009006060539634764
2020-08-28,0.018162835884771755
2020-08-31,-0.014481310687543632
2020-09-01,-0.0024548064825354768
2020-09-02,-0.002076729519350098
2020-09-03,-0.008382194589391425
2020-09-04,-0.002634290934414932
2020-09-08,0.0027250693443321744
2020-09-09,0.007546083472580152
2020-09-10,-0.0022426606491519376
2020-09-11,-0.006745771422229479
2020-09-14,0.014849780927919118
2020-09-15,-0.0010390575406759085
2020-09-16,0.010798384548394253
2020-09-17,-0.004069541832287782
2020-09-18,0.006798064516361674
2020-09-21,-0.023317407889630992
2020-09-22,-0.006488939302165436
2020-09-23,-0.02228448996405026
2020-09-24,-0.0026331179785870256
2020-09-25,0.009541430693617027
2020-09-28,0.02070783532016671
2020-09-29,0.0023420285689844424
2020-09-30,-0.006275522826251945
2020-10-01,0.0024207346645226924
2020-10-02,0.004208642593159242
2020-10-05,0.00813100407205842
2020-10-06,9.633454424507978e-05
2020-10-07,0.017533327384920302
2020-10-08,0.01579616107112507
2020-10-09,0.003618923633853457
2020-10-12,-0.003742748948340311
2020-10-13,-0.0013590020677085347
2020-10-14,0.0019702921591320537
2020-10-15,0.003384688963788792
2020-10-16,-0.004461939324206972
2020-10-19,-0.0003965330044048643
2020-10-20,0.00768229471519027
2020-10-21,-0.005189792409416742
2020-10-22,0.006733836424487783
2020-10-23,0.005776448290462223
2020-10-26,-0.018605550281960787
2020-10-27,-0.012595876609205713
2020-10-28,-0.02504764161787809
2020-10-29,0.001249502079519037
2020-10-30,-0.012045099048761488
2020-11-02,0.026768632658772308
2020-11-03,0.02416348119342296
2020-11-04,-0.01190104186240495
2020-11-05,0.019343219639870467
2020-11-06,-0.0033158653044686685
2020-11-09,0.03609388732462041
2020-11-10,0.025484345889686413
2020-11-11,0.0019567931021175103
2020-11-12,-0.003835183217824183
2020-11-13,0.018569898816496264
2020-11-16,0.03277808079073377
2020-11-17,0.006451555469519363
2020-11-18,0.007081997883616663
2020-11-19,0.008694162690501533
2020-11-20,0.01328789611009846
2020-11-23,0.03142240646558364
2020-11-24,0.021105757477270205
2020-11-25,0.0028803427098082327
2020-11-27,0.00887795010439198
2020-11-30,-0.015385314989766462
2020-12-01,-0.001741501830832455
2020-12-02,0.0016453860783332522
2020-12-03,0.0047531143432658195
2020-12-04,0.018223634587742406
2020-12-07,0.0003722806813435632
2020-12-08,0.01464087955623969
2020-12-09,-0.007103135482099898
2020-12-10,0.0067313314911482776
2020-12-11,-0.011758466246169877
2020-12-14,-0.010538708445207833
2020-12-15,0.0118028041344905
2020-12-16,0.0013871365503100106
2020-12-17,0.008109367584722232
2020-12-18,0.0014680892759251732
2020-12-21,-0.0005416751308118917
2020-12-22,0.01631070536952785
2020-12-23,0.018702224819192283
2020-12-24,0.004540937227216035
2020-12-28,0.011595411341439068
2020-12-29,-0.014678460763211238
2020-12-30,0.010692624700752617
2020-12-31,-0.0010916978459090672
